n_trades,gross_profit,gross_loss,net_profit,profit_factor,win_rate,avg_win,avg_loss,expectancy,max_drawdown,max_drawdown_pct,sharpe,sortino,calmar,avg_bars_held,avg_mae,avg_mfe,max_consec_win,max_consec_loss,trades_per_month,top_month_share,deflated_sharpe,symbol,baseline
1535,323083.3333333334,411672.0238095235,-88588.69047619012,0.7848076008264793,0.4775244299674267,440.768531150523,-515.2340723523448,-57.71250193888608,-89479.76190476136,-0.8973025887746093,-1.6834764311367518,-3.4848655558198987,-0.9900416428295858,3.9042345276872963,8.477687296416939,7.653094462540716,10,11,20.466666666666665,0.0,-1.6834764311367518,ES,buy_and_hold_intraday
32463,4386653.245205966,6132850.656703921,-1746197.4114979552,0.7152714929411892,0.46711640945075933,289.28074684819086,-355.32159077079496,-53.790389412499,-1747366.300876888,-17.560960094408255,-2.2173383775986797,-3.940884294293442,-0.9993310564714759,2.6607522410128452,5.836798817114869,5.390398299602625,15,24,432.84,0.0,-2.2173383775986797,ES,prior_bar_momentum
32296,4418269.707118127,6076848.683867647,-1658578.9767495207,0.7270659410768958,0.4647944017835026,294.33546779815646,-352.28108312276214,-51.35555414755761,-1665556.3692052613,-16.4666011353108,-2.1090462043370635,-3.957382600688017,-0.995810773754196,2.681446618776319,5.855918689621006,5.425393237552638,12,18,430.61333333333334,0.0,-2.1090462043370635,ES,prior_bar_mean_reversion
11764,1436344.5767377694,2045846.797110564,-609502.2203727944,0.7020782684052294,0.46429785787147226,262.9704461255528,-325.4608331388107,-51.8107973795303,-609751.7931248646,-6.106916046874755,-2.3421708522662614,-4.429239693346473,-0.9995906977972281,2.4159299557973477,5.324273206392384,4.9655304318259095,11,11,156.85333333333332,0.0,-2.3421708522662614,ES,atr_breakout
24499,3167592.239842684,4529038.600780487,-1361446.3609378028,0.6993961674993926,0.4595289603657292,281.36367381796805,-342.6935987273371,-55.57150744674488,-1363448.8138802901,-13.601077992749076,-2.3668244505155163,-4.31993765565435,-0.9985313325134748,2.6054941018000735,5.71092697661129,5.240438385240214,14,15,326.6533333333333,0.0,-2.3668244505155163,ES,vwap_mean_reversion
22042,2968311.9262101585,4011157.66727013,-1042845.741059972,0.7400137746842297,0.47332365484075856,284.51183036616106,-346.2969582379461,-47.31175669449106,-1048474.0377800068,-10.451079704383556,-1.9897927298443787,-3.638223327240491,-0.9946319159872076,2.6061609654296345,5.7155543961527995,5.322656746211777,12,15,293.8933333333333,0.0,-1.9897927298443787,ES,opening_range_breakout
1564,206258.55001186416,290052.97184850916,-83794.42183664502,0.7111064875404561,0.4725063938618926,279.10493912295556,-352.86249616606955,-53.576996059235945,-83579.5454255729,-0.8375952488658034,-2.2493735035473907,-4.163619105008791,-1.002570921030714,3.122762148337596,5.595748081841432,5.231297953964194,8,12,20.85333333333333,0.0,-2.2493735035473907,ES,random_entry_matched_holding
32690,4476848.266551611,6071465.895786763,-1594617.6292351522,0.7373587109594535,0.4718568369531967,290.2332749790348,-352.3980437510455,-48.77998254007807,-1595445.443707298,-16.032671489486173,-2.0148966350022386,-3.681207837744274,-0.9994811389662925,2.6522483940042827,5.785484857754665,5.404366778831447,13,17,435.8666666666667,0.0,-2.0148966350022386,ES,ema_crossover_9_21
7651,961421.6752375273,1350293.6474380048,-388871.97220047755,0.7120093300162463,0.47065743040125474,266.9874132845119,-334.2311008509913,-50.82629358260065,-390254.84255482606,-3.8874946156912635,-2.250061285494842,-4.160522790855064,-0.9964564940557933,2.390014377205594,5.4348124428179325,5.058358384524898,13,12,102.01333333333334,0.0,-2.250061285494842,ES,donchian_channel_20
9226,1096980.4654900227,1629346.8801355613,-532366.4146455389,0.6732639187296655,0.4608714502492955,257.99164287159516,-328.1004591493277,-57.70284138798384,-532295.8568967255,-5.334417517356214,-2.5864433301852725,-4.433647448926826,-1.0001325536314047,2.313028398005636,5.498780619986993,4.884565358768697,9,14,123.01333333333334,0.0,-2.5864433301852725,ES,bollinger_mean_reversion_20
1535,200010.654761905,259478.9285714287,-59468.273809523744,0.7708165586433989,0.4794788273615635,271.7536070134579,-325.1615646258505,-38.74154645571579,-59313.39285714281,-0.5944321258749015,-1.9365881003102174,-5.2211917384460875,-1.002611230700526,3.8638436482084693,8.42442996742671,7.638925081433225,9,13,20.466666666666665,0.0,-1.9365881003102174,MES,buy_and_hold_intraday
32274,564023.2723977391,810250.9386104767,-246227.66621273744,0.6961093724433066,0.4687364441965669,37.28339981476329,-47.347100953104466,-7.629288783935596,-245710.4780365884,-2.471170630360059,-1.94946839089369,-2.375701898700253,-1.002104868218408,2.6813224267212,5.858121088182438,5.427131746917023,15,15,430.32,0.0,-1.94946839089369,MES,prior_bar_momentum
32129,529228.1963265539,773149.9349606412,-243921.73863408726,0.6845091390371719,0.46279062529179243,35.59272286815212,-44.87231195360657,-7.591949286753004,-245251.82235830795,-2.433144068540501,-2.0760419302675355,-2.578428289595775,-0.9945766611989636,2.6987768060008093,5.877252637803854,5.435089794266862,11,18,428.38666666666666,0.0,-2.0760419302675355,MES,prior_bar_mean_reversion
11665,254145.6705488514,390408.37553861423,-136262.7049897628,0.6509739198044293,0.46712387483926276,46.64079107154549,-62.91835222217796,-11.68132918900667,-136214.0372255062,-1.3633112090242703,-2.0328209289531807,-2.275163761796365,-1.000357288905372,2.449121303043292,5.342434633519074,5.023960565795114,12,11,155.53333333333333,0.0,-2.0328209289531807,MES,atr_breakout
24315,407543.32909967494,621732.5712424626,-214189.2421427876,0.6554961859007088,0.457413119473576,36.64298948927126,-47.190327988042704,-8.808934490758281,-213802.473412321,-2.150177779228187,-2.243653364727952,-2.7029063545149703,-1.001809000262222,2.6236068270614847,5.74553773390911,5.232747275344438,14,15,324.2,0.0,-2.243653364727952,MES,vwap_mean_reversion
21857,415567.41504015075,591918.1476603654,-176350.73262021467,0.7020690558022858,0.47472205700690856,40.050830285288235,-51.68236686111634,-8.06838690672163,-176982.79307823617,-1.7630365170873927,-1.8057396255201252,-2.108933531389761,-0.9964286897780956,2.623644598984307,5.707473578258681,5.369698494761404,12,17,291.4266666666667,0.0,-1.8057396255201252,MES,opening_range_breakout
1563,144163.8331336027,207080.07306840605,-62916.239934803336,0.6961743397008564,0.47728726807421623,193.2491060772154,-254.0859792250381,-40.25351243429516,-62777.71699917343,-0.6294324631508105,-2.5874020047863993,-5.4937646948983145,-1.0022065621728762,3.060140754958413,5.584612923864364,5.251759436980167,8,12,20.84,0.0,-2.5874020047863993,MES,random_entry_matched_holding
32480,530043.1745378153,758769.3768886048,-228726.20235078956,0.6985563607104179,0.47312192118226604,34.49230002849061,-44.43224084374333,-7.0420628802583,-228276.1211247998,-2.296149914870499,-2.0009812112885017,-2.4717582508294735,-1.001971652679974,2.672937192118227,5.7917102832512315,5.444019396551724,12,16,433.06666666666666,0.0,-2.0009812112885017,MES,ema_crossover_9_21
7579,213687.72576079014,327267.1072917528,-113579.38153096262,0.6529459300970669,0.47064256498218765,59.90684770417442,-81.77588887849896,-14.9860643265553,-114351.97300955339,-1.135856385027606,-2.0850885805767514,-2.372232732222427,-0.9932437415966034,2.4219554030874786,5.465166908563135,5.095791001451379,13,12,101.05333333333333,0.0,-2.0850885805767514,MES,donchian_channel_20
9185,217205.15198479668,346353.7798467481,-129148.62786195145,0.627119334689819,0.4562874251497006,51.826569311571625,-69.45132942585685,-14.060819582139516,-128890.44594109742,-1.2922407915085543,-2.293046369751652,-2.620405387296318,-1.0020031113940906,2.336418072945019,5.531927054980947,4.899782253674469,8,14,122.46666666666667,0.0,-2.293046369751652,MES,bollinger_mean_reversion_20
1515,295675.64285714296,317009.92857142846,-21334.285714285536,0.9327015219667529,0.49372937293729374,395.28829258976333,-413.8510816859379,-14.082036775105964,-27371.761904761806,-0.25957691916024983,-0.5409786043187899,-2.7151941816854506,-0.779426833702439,4.221122112211221,43.347524752475245,40.8013201320132,9,10,20.2,0.0,-0.5409786043187899,MNQ,buy_and_hold_intraday
30050,1460247.7130066638,1583051.4276758195,-122803.7146691555,0.9224259474315046,0.49417637271214643,98.33317932704807,-104.2990794357504,-4.086646078840449,-123997.51187552401,-1.2453465066280127,-0.4634189323520519,-0.6490118696685316,-0.990372409991848,2.9588352745424293,25.803851913477537,25.603036605657238,15,11,400.6666666666667,0.0,-0.4634189323520519,MNQ,prior_bar_momentum
30037,1180054.8720622074,1324269.4371839222,-144214.56512171484,0.891098774107187,0.48866398108998904,80.39616242418636,-86.26600463708698,-4.801230652918562,-149330.9987045669,-1.4594497463740046,-0.7126595944458155,-1.0887361484086453,-0.9657376323252594,2.9609481639311515,26.01034557379232,25.38167926224323,11,15,400.49333333333334,0.0,-0.7126595944458155,MNQ,prior_bar_mean_reversion
11278,904655.0178949223,987299.1063437128,-82644.0884487904,0.9162927547307844,0.4947685759886505,162.12455517830148,-173.57579225452054,-7.327902859442312,-85382.20052832483,-0.8342000317900855,-0.5871070422122926,-1.0530906198345305,-0.967931113714666,2.6467458769285335,22.888211562333748,22.91443518354318,13,17,150.37333333333333,0.0,-0.5871070422122926,MNQ,atr_breakout
22860,954395.7005081361,1088120.666052496,-133724.96554436014,0.8771046541837222,0.4830708661417323,86.42540075234412,-92.13553480546113,-5.849736025562561,-135907.88033135943,-1.3470231970320716,-0.7911843455015602,-1.1719747832493945,-0.9839382765614688,2.8564304461942256,25.063867016622922,24.37965879265092,12,17,304.8,0.0,-0.7911843455015602,MNQ,vwap_mean_reversion
19793,1077441.0300008557,1169774.0416937382,-92333.01169288256,0.921067652040567,0.49770120749760016,109.37377220595428,-117.77829658615971,-4.664932637441649,-94516.73438528123,-0.9383768613913416,-0.504663765999257,-0.7607697463096152,-0.9768959147118107,2.854797150507755,25.01261809730713,24.602523619461426,11,13,263.9066666666667,0.0,-0.504663765999257,MNQ,opening_range_breakout
1552,289679.1769923976,305321.4522912351,-15642.275298837501,0.9487678471936623,0.5019329896907216,371.86030422644103,-394.98247385670777,-10.078785630694266,-29574.05782217208,-0.2795828703290367,-0.4047850601402727,-1.6320166321565688,-0.528918804206512,3.3563144329896906,25.296069587628867,25.19958118556701,10,15,20.69333333333333,0.0,-0.4047850601402727,MNQ,random_entry_matched_holding
29942,1468079.9680056884,1586098.483503636,-118018.51549794727,0.925591937243866,0.4968605971544987,98.68118357233908,-105.40261054649362,-3.9415708869797363,-120673.1849296895,-1.1919281843776106,-0.4542809388576418,-0.6516647316033013,-0.9780011654346492,2.9582860196379666,25.795112216952777,25.39432903613653,12,15,399.2266666666667,0.0,-0.4542809388576418,MNQ,ema_crossover_9_21
7443,730327.3099362638,799057.7425893934,-68730.43265312952,0.9139856496097459,0.49818621523579204,196.95990019856092,-214.3970331605563,-9.234237895086595,-70955.55163123523,-0.6974568275673909,-0.6458757499965584,-1.4481292909751304,-0.9686406640925023,2.7132876528281606,23.11329437054951,23.264711809754132,10,12,99.24,0.0,-0.6458757499965584,MNQ,donchian_channel_20
8465,601375.9844120417,693852.0890496883,-92476.10463764652,0.8667207231957701,0.4819846426461902,147.39607461079453,-158.3052906798285,-10.924525060560724,-93859.4548959843,-0.9336583649714107,-0.9040719010135712,-1.4508117180704079,-0.9852614714215973,2.536326048434731,23.852421736562317,22.486769049025398,12,14,112.86666666666666,0.0,-0.9040719010135712,MNQ,bollinger_mean_reversion_20
1518,305517.6190476189,363339.7619047616,-57822.142857142695,0.8408593032757614,0.46772068511198944,430.30650570087164,-451.3537414965983,-38.09100319969875,-62028.0952380953,-0.6131855199359793,-1.2245540919206976,-2.7311015560464713,-0.9321927851434414,5.839920948616601,76.47628458498023,70.19894598155467,6,10,20.513513513513512,0.0,-1.2245540919206976,YM,buy_and_hold_intraday
30463,3410424.6600251733,4061995.0965956114,-651570.4365704383,0.8395934950496311,0.48481764763811835,230.91777777948224,-259.0888567799216,-21.38891233858905,-651912.8855500313,-6.496880355019248,-1.1453486930783858,-1.9770881370701474,-0.9994747013179467,2.897744805173489,42.81777894494961,41.324656140235696,12,18,406.17333333333335,0.0,-1.1453486930783858,YM,prior_bar_momentum
30442,3405822.480343976,4034848.993834486,-629026.5134905106,0.8441015972464635,0.47930490769331846,233.41940102419136,-254.87012783996502,-20.66311390481935,-639136.0852450898,-6.371430779236509,-1.1094646199135394,-2.0378540409450916,-0.9841824425377227,2.900302214046383,43.02214046383286,41.137178897575716,14,13,405.8933333333333,0.0,-1.1094646199135394,YM,prior_bar_mean_reversion
11615,1175758.7275157266,1380053.2184164883,-204294.49090076148,0.8519662226249688,0.4922083512699096,205.66008877308494,-234.22491826484864,-17.58884984078876,-204605.29196503965,-2.0397134684821223,-1.056804888528681,-1.9214200095465446,-0.9984809725042142,2.503486870426173,37.823073611709,37.89789065863108,12,11,154.86666666666667,0.0,-1.056804888528681,YM,atr_breakout
23589,2502183.7731359024,3066295.875555101,-564112.102419198,0.816028157322856,0.473525795921828,224.00929034341112,-247.24204769836322,-23.914201637169782,-569254.160234065,-5.664767498708916,-1.335496550980596,-2.4091581150457007,-0.9909670263757885,2.7595065496629787,41.66450464199415,39.425494934079445,11,12,314.52,0.0,-1.335496550980596,YM,vwap_mean_reversion
19748,2187925.5622953614,2569915.2039294243,-381989.6416340623,0.8513609939152867,0.4873911282155155,227.3169415371804,-254.04460299816373,-19.343206483393878,-382675.69484805304,-3.829168458983132,-1.0577874271481233,-1.8966089642614417,-0.9982072203089272,2.7682803321855376,42.254759975693744,40.87072108567956,11,11,263.3066666666667,0.0,-1.0577874271481233,YM,opening_range_breakout
1553,205049.06559555698,227920.42641865808,-22871.360823101095,0.8996519917829147,0.49645846748229233,265.95209545467833,-291.4583458039106,-14.727212378043204,-27898.399346313323,-0.2773427185871227,-0.7386281185886053,-1.5984833072604698,-0.8198090700183295,3.5724404378622023,40.95814552479073,41.51513200257566,7,10,20.706666666666667,0.0,-0.7386281185886053,YM,random_entry_matched_holding
30438,3386042.914843651,4022563.600634258,-636520.6857906065,0.841762430881082,0.4840659701688679,229.81151858583215,-256.4265698115801,-20.912040403134455,-637321.9476026852,-6.38226090057495,-1.1264904241218299,-1.985115124862183,-0.998742767583805,2.900683356330902,42.70957355936658,41.25717852684145,12,17,405.84,0.0,-1.1264904241218299,YM,ema_crossover_9_21
7775,785841.9875700616,941650.6089473431,-155808.6213772815,0.8345366955675231,0.48578778135048234,208.05983255760168,-235.82534659337418,-20.039694067817557,-156840.1578598069,-1.5523881287001426,-1.2043190922485736,-2.2025751251500005,-0.9934230078788402,2.4463022508038583,38.35305466237942,38.228167202572344,14,15,103.66666666666667,0.0,-1.2043190922485736,YM,donchian_channel_20
9119,908782.5066047051,1147383.2020876477,-238600.69548294268,0.7920479443582475,0.4700076762802939,212.03511586670675,-237.6026510846237,-26.165225954922985,-242215.42653313858,-2.425591216649413,-1.5460377918786596,-2.869582999969315,-0.9850763797255442,2.3773440070183134,40.10220418905582,36.55159556968966,13,13,121.58666666666667,0.0,-1.5460377918786596,YM,bollinger_mean_reversion_20
1530,193874.47619047627,249025.04761904743,-55150.57142857117,0.7785340392226762,0.46405228758169936,273.06264252179756,-304.4315985562927,-36.046125116713185,-57299.76190476166,-0.5625151492415011,-1.8513617416033015,-4.9553442542334425,-0.9624921569523679,5.9,77.0718954248366,70.44117647058823,6,10,20.675675675675677,0.0,-1.8513617416033015,MYM,buy_and_hold_intraday
30478,746746.551357582,891441.3370836347,-144694.78572605277,0.837684455828104,0.484021261237614,50.620021106126764,-56.76162604798693,-4.747515772887091,-145232.54082809362,-1.4458011567955316,-0.7725837033557943,-0.8818235804690169,-0.9962972822827814,2.908261696961743,42.980510532187154,41.452851236957805,12,16,406.37333333333333,0.0,-0.7725837033557943,MYM,prior_bar_momentum
30516,608154.6056174928,750187.2354486634,-142032.62983117043,0.8106704258354579,0.4786341591296369,41.637313817437544,-47.18158713513606,-4.654365900877258,-144925.7247966093,-1.4227004946156863,-0.9771731418856485,-1.1356844726452353,-0.9800373952278031,2.9046074190588542,43.14146677152969,41.29918731157426,18,13,406.88,0.0,-0.9771731418856485,MYM,prior_bar_mean_reversion
11679,426968.4167926459,525284.4860663442,-98316.06927369829,0.812832718495172,0.4899392071238976,74.61873764289513,-88.26827189822622,-8.418192420044377,-98886.21932270798,-0.9841025806136362,-1.0517793815079919,-1.2798418064604797,-0.9942342820575529,2.5187087935610926,38.23846219710592,37.9001626851614,11,14,155.72,0.0,-1.0517793815079919,MYM,atr_breakout
23570,589966.376723873,722565.81871494,-132599.44199106697,0.8164880782391688,0.4749681798896903,52.69909573236918,-58.43165281537603,-5.625771828216672,-134190.547855274,-1.332486462222198,-0.9211675533062433,-1.0737244733153524,-0.9881429363719191,2.77496817988969,41.63635977938057,39.75176071277047,11,12,314.26666666666665,0.0,-0.9211675533062433,MYM,vwap_mean_reversion
19732,531402.2783102235,648984.0418386777,-117581.76352845426,0.8188217953783179,0.4858098520170282,55.43524705927639,-64.0276284371229,-5.958937944884161,-117895.92813246924,-1.1757476654626149,-0.910211327502371,-1.0461647941399261,-0.9973352378746959,2.7822319075613215,42.45971011554835,40.941668355969995,11,12,263.0933333333333,0.0,-0.910211327502371,MYM,opening_range_breakout
1558,222330.1950756341,258083.98663378457,-35753.79155815043,0.8614645099663456,0.49550706033376124,287.99248066791984,-328.76940972456634,-22.948518330006692,-38213.976131031886,-0.37958685520237345,-1.1149174620479996,-3.309100437673011,-0.9356208167282637,3.4993581514762515,41.32734274711168,41.709884467265724,7,10,20.773333333333333,0.0,-1.1149174620479996,MYM,random_entry_matched_holding
30556,603412.837066085,743156.8877815832,-139744.05071549828,0.8119588837659141,0.4843893179735567,40.76838301912607,-47.23554870536981,-4.573375137959755,-140629.16683419785,-1.3939535606891302,-0.9555074123796495,-1.093765538304602,-0.9937060274292663,2.899299646550596,42.75939259065323,41.37678361042021,12,14,407.41333333333336,0.0,-0.9555074123796495,MYM,ema_crossover_9_21
7730,313421.9710434536,405544.3192757177,-92122.34823226408,0.7728427107626853,0.48421733505821474,83.73549854219974,-101.84437952680003,-11.917509473772844,-92545.10387089138,-0.9223495862174008,-1.4137102135089172,-1.814031174793628,-0.9954318962220077,2.477102199223803,38.979689521345406,38.36688227684347,14,13,103.06666666666666,0.0,-1.4137102135089172,MYM,donchian_channel_20
9079,357669.5490473397,459947.6304057634,-102278.08135842375,0.7776310288451872,0.4697653926643903,83.86155897944658,-95.6629846933784,-11.26534655341158,-102494.14936430863,-1.0236556816488382,-1.2517906816673134,-1.5300364902113488,-0.9978918991257064,2.404670117854389,40.34508205749532,36.91177442449609,11,13,121.05333333333333,0.0,-1.2517906816673134,MYM,bollinger_mean_reversion_20
1527,304379.5238095282,354405.2380952345,-50025.714285706315,0.8588460075969205,0.47871643745907005,416.38785746857485,-445.2327111749177,-32.76078211244683,-52279.99999999244,-0.5186899992440095,-1.1089813646808893,-2.897819615416423,-0.9568805333916134,5.185985592665357,7.288539620170175,6.859986902423145,8,9,20.635135135135137,0.0,-1.1089813646808893,RTY,buy_and_hold_intraday
29338,2936627.16152276,3583348.151702772,-646720.9901800121,0.8195204700183273,0.48091212761606106,208.13857548534693,-235.29766574973877,-22.043799515304794,-649408.1167912679,-6.3241434269535794,-1.332701782374382,-2.4817153154317477,-0.9958621912141583,3.0583884382030133,3.8195071238665665,3.6309223532620707,13,16,391.17333333333335,0.0,-1.332701782374382,RTY,prior_bar_momentum
29312,2935043.212486931,3561350.135941433,-626306.9234545019,0.8241377849558341,0.47993995633187775,208.63258547675088,-233.6230737300861,-21.366911962830986,-628184.0678804072,-6.301212979387867,-1.2959582163379473,-2.4240429908182586,-0.9970117923680569,3.062807041484716,3.801893422488994,3.6502456331878603,13,14,390.82666666666665,0.0,-1.2959582163379473,RTY,prior_bar_mean_reversion
10912,957973.6563275403,1227786.758956586,-269813.10262904566,0.7802443293505283,0.47562316715542524,184.58066595906365,-214.5730092549084,-24.726274067911078,-272511.7533357083,-2.6809079883999996,-1.695680456541789,-3.3033360029615504,-0.9900971217805122,2.619043255131965,3.3592100439881802,3.146627565982491,13,15,145.49333333333334,0.0,-1.695680456541789,RTY,atr_breakout
22796,2187641.6890490837,2707041.4473988945,-519399.75834981044,0.8081301049716528,0.47596069485874715,201.6259621243395,-226.6065166079771,-22.78468846946001,-519106.09624400793,-5.206350039602205,-1.4392073867774138,-2.7301994545464177,-1.000565707295536,2.9264344621863483,3.639919284084837,3.4838875241271285,11,13,303.94666666666666,0.0,-1.4392073867774138,RTY,vwap_mean_reversion
18643,1831356.0770735624,2195176.3300222047,-363820.2529486422,0.8342637682573034,0.4880652255538272,201.27003814414357,-230.00590213979513,-19.51511306917568,-365025.05640049436,-3.606795764137608,-1.2152795585694283,-2.280961397489973,-0.9966993952038999,2.923992919594486,3.689213109477999,3.5327522394465305,13,13,248.57333333333332,0.0,-1.2152795585694283,RTY,opening_range_breakout
1558,180954.32711084172,231859.34115351847,-50905.01404267675,0.7804487246904943,0.47753530166880614,243.2181816005937,-284.8394854465829,-32.67330811468341,-55760.52611701022,-0.55070930609709,-1.7659646874745596,-3.9951101092451466,-0.9129220541401554,3.683568677792041,3.7444801026956713,3.6033376123235867,9,10,20.773333333333333,0.0,-1.7659646874745596,RTY,random_entry_matched_holding
29343,2924970.4518831093,3543447.899520184,-618477.4476370738,0.8254588566912971,0.4846130252530416,205.69412460500067,-234.30853002183323,-21.077512443754006,-620563.2167026736,-6.116588759989507,-1.28296828316243,-2.3857789168930026,-0.9966389096074976,3.055174999148008,3.7945813311521444,3.6192993218144904,13,13,391.24,0.0,-1.28296828316243,RTY,ema_crossover_9_21
7341,643376.6291957265,842589.000671128,-199212.37147540154,0.7635711226746047,0.47404985696771557,184.8783417229099,-218.23076940459157,-27.13695293221653,-200999.84445872522,-1.9884012265036513,-1.8422328196683182,-3.6021768917620527,-0.9911070927037919,2.57716932298052,3.397888571039276,3.167088952458882,11,11,97.88,0.0,-1.8422328196683182,RTY,donchian_channel_20
8365,762507.6177723416,944271.201061033,-181763.58328869136,0.8075091318209724,0.4847579199043634,188.0413360720941,-219.08844572181738,-21.729059568283486,-182408.5832886926,-1.8238122610477683,-1.4518293075664428,-2.7752997239310724,-0.9964639821856386,2.45833831440526,3.3640526001194555,3.219617453676117,13,14,111.53333333333333,0.0,-1.4518293075664428,RTY,bollinger_mean_reversion_20
1534,222941.2142857177,268498.83333333005,-45557.6190476123,0.8303247039027001,0.47783572359843546,304.1489962970228,-335.2045359966667,-29.698578257895893,-48779.309523803146,-0.4834923159702573,-1.420867112685607,-5.006001323341897,-0.9339537499066334,5.16232073011734,7.296740547587918,6.8625814863103916,8,9,20.72972972972973,0.0,-1.420867112685607,M2K,buy_and_hold_intraday
29452,507970.37837490486,655287.1276799401,-147316.7493050353,0.7751874818194373,0.4794581013173978,35.97269162062919,-42.742621334547,-5.00192684045346,-149392.86160904565,-1.4635438031193448,-1.1021734538617054,-1.1971319560290585,-0.9861030019664297,3.05123590927611,3.8226334374574686,3.6247215808774484,15,14,392.6933333333333,0.0,-1.1021734538617054,M2K,prior_bar_momentum
29238,564302.5105325592,705628.6432853959,-141326.13275283665,0.7997159921189928,0.48149668239961696,40.08399705445086,-46.54542501882559,-4.833645692346831,-141082.85024173494,-1.418209527271562,-0.9920240109047698,-1.1052493646526371,-1.0017243946424734,3.082187564128873,3.7980846843148433,3.6712087010056296,12,15,389.84,0.0,-0.9920240109047698,M2K,prior_bar_mean_reversion
10958,321815.57335795293,429423.1150232856,-107607.54166533277,0.7494137183102088,0.4730790290198941,62.07862140392611,-74.37185920043048,-9.819998326823578,-108483.68616251525,-1.0763606425653378,-1.3227788027416616,-1.49227548173575,-0.9919237211771181,2.6225588611060413,3.358277057857184,3.13736083226875,12,14,146.10666666666665,0.0,-1.3227788027416616,M2K,atr_breakout
22884,507883.47594335943,640632.2494462763,-132748.77350291697,0.7927847472279815,0.47557245236846707,46.66759863487636,-53.38157232282946,-5.800942733041294,-132223.7188497638,-1.3292163005340705,-0.998617558817481,-1.105576407563196,-1.0039709566310848,2.9185457087921693,3.624707219017565,3.483228456563627,12,14,305.12,0.0,-0.998617558817481,M2K,vwap_mean_reversion
18631,422336.11958684196,538286.8474442962,-115950.72785745429,0.7845930503262887,0.4885942783532822,46.39526744884565,-56.49526106678172,-6.223537537300966,-117302.91267854036,-1.157379220641491,-1.084646429810006,-1.1934598097682845,-0.9884727089020233,2.924480704202673,3.696908378508848,3.540572164671873,12,15,248.41333333333333,0.0,-1.084646429810006,M2K,opening_range_breakout
1562,180766.54993700606,238623.36829753174,-57856.81836052568,0.7575391765973821,0.4827144686299616,239.74343492971624,-295.32595086328183,-37.04021662005485,-60061.39951514504,-0.592268435361227,-2.083337992709551,-6.012243828847573,-0.96329454237803,3.6882202304737515,3.7483994878360165,3.6214468629962524,9,10,20.826666666666668,0.0,-2.083337992709551,M2K,random_entry_matched_holding
29396,505750.3187171457,650006.0667789549,-144255.74806180916,0.7780701512885022,0.4837733024901347,35.563625533868624,-42.834007695483024,-4.907325760709252,-145431.13775754557,-1.4383259709433343,-1.1038307147641864,-1.2085587461308065,-0.9919178952055236,3.0586134167914003,3.8018267791535383,3.6247516668935433,12,14,391.94666666666666,0.0,-1.1038307147641864,M2K,ema_crossover_9_21
7327,262625.60406776634,362693.6681589449,-100068.0640911786,0.7240975708257325,0.47495564351030434,75.46712760567998,-94.27961220664022,-13.65744016530348,-100978.33513856666,-1.0011861959892665,-1.6267758298899757,-1.9228678615648338,-0.9909854817259668,2.5766343660434012,3.4013238706154416,3.1410536372322437,10,14,97.69333333333333,0.0,-1.6267758298899757,M2K,donchian_channel_20
8408,346066.1640189064,446504.92044519953,-100438.75642629307,0.7750556559910964,0.4844196003805899,84.96591309081916,-102.99998164825826,-11.945618033574343,-100535.75642629345,-1.0050259057140487,-1.3357231448658529,-1.633392220254205,-0.9990351691433138,2.452069457659372,3.355613701236829,3.2213962892484242,14,13,112.10666666666667,0.0,-1.3357231448658529,M2K,bollinger_mean_reversion_20
1319,169110.23809524396,216606.80952380385,-47496.57142855991,0.7807244770698666,0.4829416224412434,265.4791806832715,-317.60529255689715,-36.00953102999235,-49136.71428570345,-0.483438067917375,-1.8351818685741326,-4.848533485317831,-0.9666208276034292,5.097043214556482,3.9987111448066037,3.6111448066717897,9,11,17.586666666666666,0.0,-1.8351818685741326,MGC,buy_and_hold_intraday
21335,424850.44019911403,599807.6934916867,-174957.2532925726,0.708311088385535,0.4667916569018045,42.659949814149414,-52.72571145320734,-8.200480585543595,-175696.99136235594,-1.7440683758841107,-1.727518656902046,-2.010353900449805,-0.9957896941544223,3.0106397937661122,2.9490789782047617,2.8007358800094377,13,13,284.46666666666664,0.0,-1.727518656902046,MGC,prior_bar_momentum
21231,476533.87021050963,632833.4784361654,-156299.60822565574,0.7530162142940074,0.47265790589232726,47.48718188445537,-56.523175994655716,-7.3618580484035485,-159065.7980305527,-1.5984023666291756,-1.3839159425486698,-1.6194060188096806,-0.9826097763369243,3.0308511139371674,2.9814752013564454,2.7838537986906537,11,15,283.08,0.0,-1.3839159425486698,MGC,prior_bar_mean_reversion
5860,230421.24470409943,336415.2966913318,-105994.0519872324,0.6849309379517182,0.454778156996587,86.46200551748572,-105.29430256379712,-18.087722182121567,-106682.74869313068,-1.0595305350385213,-1.9817972085660827,-2.437967129240596,-0.9935444416802637,3.0213310580204777,2.728122866894132,2.6895392491468213,11,12,78.13333333333334,0.0,-1.9817972085660827,MGC,atr_breakout
14933,381876.4727432635,515453.3021227233,-133576.82937945978,0.7408556142149678,0.47451952052501173,53.8916839886062,-65.68794470787859,-8.945076634263696,-135298.38698654558,-1.355828081942766,-1.4511202877440044,-1.682649731785945,-0.9872758452969806,2.9503113908792606,2.9760530368980826,2.6966450143977023,16,17,199.10666666666665,0.0,-1.4511202877440044,MGC,vwap_mean_reversion
13906,357960.1345884758,492611.09565832414,-134650.96106984824,0.7266586923100034,0.4676398676830145,55.04538437466951,-66.54209045769609,-9.682939815176775,-135450.92376206545,-1.3568209361738859,-1.561185957767875,-1.8171891010365664,-0.99409407724954,2.992521213864519,2.9492305479648424,2.890464547677324,10,14,185.41333333333333,0.0,-1.561185957767875,MGC,opening_range_breakout
1440,154996.37953321266,213416.81105339737,-58420.43152018469,0.7262613416823673,0.4708333333333333,228.60822940001867,-280.0745551881855,-40.569744111239366,-59498.88957694286,-0.5888970032730627,-2.3024410891397284,-5.018099439163987,-0.9818743162363808,3.5541666666666667,2.820555555555484,2.5990277777778488,7,9,19.2,0.0,-2.3024410891397284,MGC,random_entry_matched_holding
21456,432454.26303619624,601932.0037552845,-169477.7407190882,0.7184437118116925,0.46574384787472034,43.275719307134615,-52.51086135874417,-7.898850704655491,-171817.92933819036,-1.703571964144712,-1.601327551409001,-1.8394440310308389,-0.9863798345835263,3.0130499627143923,2.92999161073819,2.7990771812081165,11,17,286.08,0.0,-1.601327551409001,MGC,ema_crossover_9_21
3608,179492.7126720004,272907.5745639072,-93414.86189190681,0.6577051331712609,0.4501108647450111,110.5250693793106,-137.55422105035646,-25.89103710973027,-94428.13943846906,-0.9383011940379714,-2.380288771502557,-3.1753247594809872,-0.9892693263619525,2.8539356984478936,2.720537694013241,2.6536308203991754,10,12,48.10666666666667,0.0,-2.380288771502557,MGC,donchian_channel_20
4507,221945.73613479763,311607.59836073825,-89661.86222594063,0.7122603469953197,0.47570445972930997,103.51946648078247,-131.86948724533994,-19.893912186807327,-92006.72013423748,-0.9239161964659814,-1.9504392466904155,-2.602889336838632,-0.9745142756433909,2.9758153982693587,2.92482804526286,2.6004659418682676,10,14,60.093333333333334,0.0,-1.9504392466904155,MGC,bollinger_mean_reversion_20
1013,114486.19047618847,181150.95238095528,-66664.7619047668,0.6319933126016763,0.4383020730503455,257.8517803517758,-318.3672273830497,-65.80924176186258,-66853.90476190945,-0.6672769409479307,-3.453213679815075,-9.933365714212778,-0.997170803144315,4.553800592300099,0.3081243830207346,0.2677393879565609,10,9,18.089285714285715,0.0,-3.453213679815075,MCL,buy_and_hold_intraday
19187,310723.44132968254,471750.1492082707,-161026.7078785883,0.658661034556457,0.46739980194923647,34.64801977360421,-46.16402282104616,-8.392490117193324,-162809.84061793756,-1.6007642979463717,-1.7392644580856305,-1.7860113303454432,-0.989047758215465,2.7279407932454265,0.22035127951217398,0.20521342575701917,11,13,336.6140350877193,0.0,-1.7392644580856305,MCL,prior_bar_momentum
19115,341951.4645274604,502466.4631731925,-160514.99864573212,0.6805458465187058,0.4656552445723254,38.41719632934057,-49.19389692316355,-8.397331867419938,-160935.9410127112,-1.6027532682040242,-1.6257498865022129,-1.6917858219195445,-0.99738441044101,2.740831807481036,0.22286685848810256,0.20357049437614064,12,13,335.35087719298247,0.0,-1.6257498865022129,MCL,prior_bar_mean_reversion
6125,164844.71278248326,273970.26075392315,-109125.54797143988,0.6016883450373646,0.4450612244897959,60.47128128484346,-80.60319527917716,-17.816415995337124,-109136.92458013161,-1.0912450991165177,-2.3315855977461384,-2.503555428936103,-0.9998957583903386,2.564408163265306,0.20804244897959615,0.19134693877550635,11,12,107.45614035087719,0.0,-2.3315855977461384,MCL,atr_breakout
13960,264659.62776489696,398270.81428239134,-133611.18651749435,0.6645217733108653,0.4704154727793696,40.301450855017045,-53.87133968380784,-9.571001899533979,-134771.31342523466,-1.3343971715888936,-1.7324345744313885,-1.7788601122705066,-0.9913918854223833,2.67743553008596,0.21925286532951715,0.19904441260744607,11,13,244.91228070175438,0.0,-1.7324345744313885,MCL,vwap_mean_reversion
13390,256090.23436203948,389942.6748493752,-133852.4404873357,0.6567381589126159,0.4631814787154593,41.29155665302152,-54.2491200402581,-9.996448131989224,-134402.96731133258,-1.3375888241303358,-1.705914364745689,-1.7498233777752252,-0.9959039087081937,2.70537714712472,0.21753323375653896,0.20221209858102676,15,13,234.91228070175438,0.0,-1.705914364745689,MCL,opening_range_breakout
1095,134945.31962414956,209463.47232196445,-74518.1526978149,0.6442427318149596,0.4465753424657534,275.96179882239176,-345.64929426066743,-68.05310748658896,-76701.16927592538,-0.7519840513998789,-3.2798913035333563,-8.703503124101434,-0.9715386792832679,3.064840182648402,0.2185662100456663,0.1918082191780787,7,15,19.210526315789473,0.0,-3.2798913035333563,MCL,random_entry_matched_holding
19335,322010.66979871853,489166.89287359046,-167156.223074872,0.658283858719629,0.4604603051461081,36.16878241027952,-46.890998166563506,-8.645266256781587,-167296.52832903608,-1.6706213138098913,-1.7287399468366864,-1.7891359058038154,-0.9991613379215608,2.725471942073959,0.2215852081717136,0.20315748642358034,11,16,339.2105263157895,0.0,-1.7287399468366864,MCL,ema_crossover_9_21
3877,157384.53616209858,257140.48121221922,-99755.94505012059,0.6120566292018735,0.4451895795718339,91.1845516582263,-119.54462167002288,-25.730189592499507,-99331.73928262672,-0.9975490534445588,-2.6676576114041217,-3.2149825549626323,-1.004270596393031,2.513799329378385,0.21309775599690933,0.19523342790817247,11,17,68.01754385964912,0.0,-2.6676576114041217,MCL,donchian_channel_20
4682,231530.10456964307,330509.9605935776,-98979.85602393452,0.7005238333931837,0.47629218282785135,103.82515899983994,-134.79199045415072,-21.14050748054988,-99446.72633255081,-0.990292766447758,-1.969332710191229,-2.44370082640932,-0.9953053224994549,2.542503203759077,0.21463477146519003,0.19085860743271735,10,17,82.14035087719299,0.0,-1.969332710191229,MCL,bollinger_mean_reversion_20
