n_trades,gross_profit,gross_loss,net_profit,profit_factor,win_rate,avg_win,avg_loss,expectancy,max_drawdown,max_drawdown_pct,sharpe,sortino,calmar,avg_bars_held,avg_mae,avg_mfe,max_consec_win,max_consec_loss,trades_per_month,top_month_share,deflated_sharpe,symbol,variant,kind
1275,166254.0761662738,232660.97785722264,-66406.90169094883,0.7145765383497148,0.4682352941176471,278.48253964199967,-343.6646644862964,-52.08384446348928,-65984.11574820562,-0.6626427177432861,-2.4243442364709438,-5.992178679746474,-1.006407389686884,2.756862745098039,5.552745098039216,5.198039215686275,12,11,20.238095238095237,0.0,-2.4243442364709438,ES,strategy__cost=fixed_tick__slip=1x__conf=0.50,strategy
871,115335.22710952049,163629.2477623463,-48294.02065282579,0.7048570392319616,0.46039035591274396,287.6190202232431,-348.8896540774974,-55.44663680002961,-48438.935299626006,-0.48679618405930325,-2.5418637075926283,-6.803339651752311,-0.9970083023934398,2.7898966704936856,5.66963260619977,5.251148105625718,17,10,13.825396825396826,0.0,-2.5418637075926283,ES,strategy__cost=fixed_tick__slip=1x__conf=0.65,strategy
1289,138825.4793730218,269908.3579534616,-131082.87858043975,0.5143430178511127,0.44453064391000774,242.27832351312708,-376.9669803819296,-101.6934667032116,-130585.09263769664,-1.3123837883904141,-4.769447039271044,-11.741885273038902,-1.00381196607276,2.6322730799069047,5.7057796741660205,4.911947245927076,9,12,20.46031746031746,0.0,-4.769447039271044,ES,strategy__cost=fixed_tick__slip=2x__conf=0.50,strategy
875,97256.47230354793,186747.06386337947,-89490.59155983158,0.5207925109585598,0.44,252.61421377544914,-381.1164568640397,-102.27496178266466,-89223.00620663188,-0.8973397185369736,-4.71499800550709,-12.282259710565674,-1.0029990622887106,2.656,5.806285714285714,4.998857142857143,14,10,13.88888888888889,0.0,-4.71499800550709,ES,strategy__cost=fixed_tick__slip=2x__conf=0.65,strategy
1298,113342.65319356097,311787.649782731,-198444.99658917007,0.3635251533296579,0.4152542372881356,210.28321557246932,-410.7874173685521,-152.88520538456862,-197872.21064642665,-1.990121241177276,-7.194029329072498,-17.39186067560423,-1.002894726555448,2.6117103235747305,5.910246533127889,4.678351309707242,8,15,20.603174603174605,0.0,-7.194029329072498,ES,strategy__cost=fixed_tick__slip=3x__conf=0.50,strategy
876,79492.10193017629,214111.0298477826,-134618.9279176063,0.3712657960063496,0.4132420091324201,219.5914417960671,-416.5584238283708,-153.67457524840904,-134234.39831361553,-1.3510504596144928,-7.10032104776573,-18.08142711949271,-1.002864613011431,2.625570776255708,6.059931506849315,4.7896689497716896,14,10,13.904761904761905,0.0,-7.10032104776573,ES,strategy__cost=fixed_tick__slip=3x__conf=0.65,strategy
1275,17315.03734886469,503209.94863174966,-485894.91128288495,0.034409171352722756,0.1411764705882353,96.19465193813717,-459.55246450388097,-381.0940480650078,-484878.1791726191,-4.8985873017727,-15.410061171580697,-16.556946781858457,-1.0020968815548696,2.756862745098039,5.552745098039216,5.198039215686275,5,46,20.238095238095237,0.0,-15.410061171580697,ES,strategy__cost=roll_spread__slip=1x__conf=0.50,strategy
871,11663.789845890888,359427.5943985487,-347763.8045526578,0.03245101385554048,0.12629161882893225,106.03445314446262,-472.3095852806159,-399.26958042785054,-346778.7032201898,-3.5022881191303212,-16.127670607828463,-17.45982652560857,-1.0028407203883063,2.7898966704936856,5.66963260619977,5.251148105625718,3,53,13.825396825396826,0.0,-16.127670607828463,ES,strategy__cost=roll_spread__slip=1x__conf=0.65,strategy
1275,181748.58131276962,215781.9354863452,-34033.35417357559,0.842278946581563,0.46980392156862744,303.420002191602,-319.20404657743376,-26.692826802804387,-33660.55360728438,-0.33786509907549783,-1.240843702297841,-3.0821401429649873,-1.0110752951552922,2.756862745098039,5.552745098039216,5.198039215686275,12,11,20.238095238095237,0.0,-1.240843702297841,ES,strategy__cost=impact__slip=1x__conf=0.50,strategy
871,125430.0094813426,151710.33098541485,-26280.32150407225,0.8267730263761748,0.46153846153846156,312.01494895856365,-323.47618546996773,-30.172584964491676,-28599.816446518802,-0.28727500463673017,-1.38403888303784,-3.710606528873718,-0.9188982577288924,2.7898966704936856,5.66963260619977,5.251148105625718,17,10,13.825396825396826,0.0,-1.38403888303784,ES,strategy__cost=impact__slip=1x__conf=0.65,strategy
1535,323083.3333333334,411672.0238095235,-88588.69047619012,0.7848076008264793,0.4775244299674267,440.768531150523,-515.2340723523448,-57.71250193888608,-89479.76190476136,-0.8973025887746093,-1.6834764311367518,-3.4848655558198987,-0.9900416428295858,3.9042345276872963,8.477687296416939,7.653094462540716,10,11,20.466666666666665,0.0,-1.6834764311367518,ES,baseline__buy_and_hold_intraday,baseline
32463,4386653.245205966,6132850.656703921,-1746197.4114979552,0.7152714929411892,0.46711640945075933,289.28074684819086,-355.32159077079496,-53.790389412499,-1747366.300876888,-17.560960094408255,-2.2173383775986797,-3.940884294293442,-0.9993310564714759,2.6607522410128452,5.836798817114869,5.390398299602625,15,24,432.84,0.0,-2.2173383775986797,ES,baseline__prior_bar_momentum,baseline
32296,4418269.707118127,6076848.683867647,-1658578.9767495207,0.7270659410768958,0.4647944017835026,294.33546779815646,-352.28108312276214,-51.35555414755761,-1665556.3692052613,-16.4666011353108,-2.1090462043370635,-3.957382600688017,-0.995810773754196,2.681446618776319,5.855918689621006,5.425393237552638,12,18,430.61333333333334,0.0,-2.1090462043370635,ES,baseline__prior_bar_mean_reversion,baseline
11764,1436344.5767377694,2045846.797110564,-609502.2203727944,0.7020782684052294,0.46429785787147226,262.9704461255528,-325.4608331388107,-51.8107973795303,-609751.7931248646,-6.106916046874755,-2.3421708522662614,-4.429239693346473,-0.9995906977972281,2.4159299557973477,5.324273206392384,4.9655304318259095,11,11,156.85333333333332,0.0,-2.3421708522662614,ES,baseline__atr_breakout,baseline
24499,3167592.239842684,4529038.600780487,-1361446.3609378028,0.6993961674993926,0.4595289603657292,281.36367381796805,-342.6935987273371,-55.57150744674488,-1363448.8138802901,-13.601077992749076,-2.3668244505155163,-4.31993765565435,-0.9985313325134748,2.6054941018000735,5.71092697661129,5.240438385240214,14,15,326.6533333333333,0.0,-2.3668244505155163,ES,baseline__vwap_mean_reversion,baseline
22042,2968311.9262101585,4011157.66727013,-1042845.741059972,0.7400137746842297,0.47332365484075856,284.51183036616106,-346.2969582379461,-47.31175669449106,-1048474.0377800068,-10.451079704383556,-1.9897927298443787,-3.638223327240491,-0.9946319159872076,2.6061609654296345,5.7155543961527995,5.322656746211777,12,15,293.8933333333333,0.0,-1.9897927298443787,ES,baseline__opening_range_breakout,baseline
1564,206258.55001186416,290052.97184850916,-83794.42183664502,0.7111064875404561,0.4725063938618926,279.10493912295556,-352.86249616606955,-53.576996059235945,-83579.5454255729,-0.8375952488658034,-2.2493735035473907,-4.163619105008791,-1.002570921030714,3.122762148337596,5.595748081841432,5.231297953964194,8,12,20.85333333333333,0.0,-2.2493735035473907,ES,baseline__random_entry_matched_holding,baseline
32690,4476848.266551611,6071465.895786763,-1594617.6292351522,0.7373587109594535,0.4718568369531967,290.2332749790348,-352.3980437510455,-48.77998254007807,-1595445.443707298,-16.032671489486173,-2.0148966350022386,-3.681207837744274,-0.9994811389662925,2.6522483940042827,5.785484857754665,5.404366778831447,13,17,435.8666666666667,0.0,-2.0148966350022386,ES,baseline__ema_crossover_9_21,baseline
7651,961421.6752375273,1350293.6474380048,-388871.97220047755,0.7120093300162463,0.47065743040125474,266.9874132845119,-334.2311008509913,-50.82629358260065,-390254.84255482606,-3.8874946156912635,-2.250061285494842,-4.160522790855064,-0.9964564940557933,2.390014377205594,5.4348124428179325,5.058358384524898,13,12,102.01333333333334,0.0,-2.250061285494842,ES,baseline__donchian_channel_20,baseline
9226,1096980.4654900227,1629346.8801355613,-532366.4146455389,0.6732639187296655,0.4608714502492955,257.99164287159516,-328.1004591493277,-57.70284138798384,-532295.8568967255,-5.334417517356214,-2.5864433301852725,-4.433647448926826,-1.0001325536314047,2.313028398005636,5.498780619986993,4.884565358768697,9,14,123.01333333333334,0.0,-2.5864433301852725,ES,baseline__bollinger_mean_reversion_20,baseline
1294,136820.69356650565,192081.38140200794,-55260.68783550228,0.7123058599841754,0.4868624420401855,217.1757040738185,-289.7155073936771,-42.70532290224288,-55457.80744469471,-0.5574787030765925,-2.512253781442784,-6.701507217076141,-0.9964455931765963,2.643740340030912,5.694165378670788,5.520092735703246,13,8,20.53968253968254,0.0,-2.512253781442784,MES,strategy__cost=fixed_tick__slip=1x__conf=0.50,strategy
907,107296.1833896077,150993.73394727806,-43697.55055767035,0.7106002387295881,0.48511576626240355,243.8549622491084,-324.02088829888,-48.17811527857812,-43852.30454817308,-0.4408166675326064,-2.564351546445783,-7.698990834544316,-0.9964710180662746,2.679162072767365,5.85226019845645,5.596471885336274,8,7,14.396825396825397,0.0,-2.564351546445783,MES,strategy__cost=fixed_tick__slip=1x__conf=0.65,strategy
1301,74722.57824915013,154407.7590235046,-79685.18077435443,0.48393020351895366,0.4657955418908532,123.30458456955468,-222.1694374438915,-61.24917815092578,-79333.63339579076,-0.7981175529906045,-4.77381027047458,-7.458088558492614,-1.0044312527173667,2.5857033051498846,5.896810146041506,5.305342044581091,10,9,20.650793650793652,0.0,-4.77381027047458,MES,strategy__cost=fixed_tick__slip=2x__conf=0.50,strategy
904,64447.176820809385,132901.97819317412,-68454.80137236472,0.48492263017435966,0.461283185840708,154.54958470218077,-272.8993392056963,-75.7243378012884,-68191.7842325154,-0.6860275728730979,-5.0182220244360085,-9.287077969120817,-1.003857020941885,2.6349557522123894,6.07853982300885,5.38799778761062,8,9,14.34920634920635,0.0,-5.0182220244360085,MES,strategy__cost=fixed_tick__slip=2x__conf=0.65,strategy
1298,41968.393094914296,132143.72881931983,-90175.33572440554,0.31759655543168225,0.44144838212634824,73.243268926552,-182.2672121645791,-69.47252367057438,-89519.13930933693,-0.901300516213145,-6.368389364356825,-7.467647058867724,-1.0073302359711156,2.5446841294298923,6.052003081664099,5.0649075500770415,10,9,20.603174603174605,0.0,-6.368389364356825,MES,strategy__cost=fixed_tick__slip=3x__conf=0.50,strategy
908,37511.977014101605,119974.3700246514,-82462.39301054981,0.3126665887588652,0.43171806167400884,95.69381891352451,-232.5084690400221,-90.81761344774209,-81889.88333445911,-0.8244873073113209,-7.07986370835692,-9.526743342098353,-1.0069912137223647,2.567180616740088,6.226046255506608,5.137114537444934,7,11,14.412698412698413,0.0,-7.07986370835692,MES,strategy__cost=fixed_tick__slip=3x__conf=0.65,strategy
1294,3543.2927911488923,123583.24604531458,-120039.95325416568,0.028671303793474275,0.14992272024729522,18.264395830664395,-112.34840549574052,-92.76657902176638,-119012.90739606688,-1.2024790856038665,-8.815289565693226,-8.478120051609025,-1.00862970143802,2.643740340030912,5.694165378670788,5.520092735703246,5,59,20.53968253968254,0.0,-8.815289565693226,MES,strategy__cost=roll_spread__slip=1x__conf=0.50,strategy
907,3057.0793605298913,109826.27517825819,-106769.19581772831,0.027835591761333697,0.1422271223814774,23.698289616510785,-141.1648781211545,-117.71686418713155,-105742.14995962956,-1.0683944000299619,-9.415612147641856,-9.13008459985757,-1.0097127385672682,2.679162072767365,5.85226019845645,5.596471885336274,4,45,14.396825396825397,0.0,-9.415612147641856,MES,strategy__cost=roll_spread__slip=1x__conf=0.65,strategy
1294,189794.84725334408,219477.74151730628,-29682.89426396224,0.8647566989765947,0.4884080370942813,300.30830261605075,-331.5373738932119,-22.938867282814716,-30672.658330499282,-0.307882655031449,-1.113176561021536,-4.248693096555534,-0.9677313894390147,2.643740340030912,5.694165378670788,5.520092735703246,13,8,20.53968253968254,0.0,-1.113176561021536,MES,strategy__cost=impact__slip=1x__conf=0.50,strategy
907,138100.5819984172,162391.30484538997,-24290.72284697275,0.8504185746268894,0.48732083792723263,312.44475565252765,-349.2286125707311,-26.781392334038312,-25611.85008597339,-0.257322451177628,-1.241470942447009,-4.742154598837409,-0.9484173445274002,2.679162072767365,5.85226019845645,5.596471885336274,8,7,14.396825396825397,0.0,-1.241470942447009,MES,strategy__cost=impact__slip=1x__conf=0.65,strategy
1535,200010.654761905,259478.9285714287,-59468.273809523744,0.7708165586433989,0.4794788273615635,271.7536070134579,-325.1615646258505,-38.74154645571579,-59313.39285714281,-0.5944321258749015,-1.9365881003102174,-5.2211917384460875,-1.002611230700526,3.8638436482084693,8.42442996742671,7.638925081433225,9,13,20.466666666666665,0.0,-1.9365881003102174,MES,baseline__buy_and_hold_intraday,baseline
32274,564023.2723977391,810250.9386104767,-246227.66621273744,0.6961093724433066,0.4687364441965669,37.28339981476329,-47.347100953104466,-7.629288783935596,-245710.4780365884,-2.471170630360059,-1.94946839089369,-2.375701898700253,-1.002104868218408,2.6813224267212,5.858121088182438,5.427131746917023,15,15,430.32,0.0,-1.94946839089369,MES,baseline__prior_bar_momentum,baseline
32129,529228.1963265539,773149.9349606412,-243921.73863408726,0.6845091390371719,0.46279062529179243,35.59272286815212,-44.87231195360657,-7.591949286753004,-245251.82235830795,-2.433144068540501,-2.0760419302675355,-2.578428289595775,-0.9945766611989636,2.6987768060008093,5.877252637803854,5.435089794266862,11,18,428.38666666666666,0.0,-2.0760419302675355,MES,baseline__prior_bar_mean_reversion,baseline
11665,254145.6705488514,390408.37553861423,-136262.7049897628,0.6509739198044293,0.46712387483926276,46.64079107154549,-62.91835222217796,-11.68132918900667,-136214.0372255062,-1.3633112090242703,-2.0328209289531807,-2.275163761796365,-1.000357288905372,2.449121303043292,5.342434633519074,5.023960565795114,12,11,155.53333333333333,0.0,-2.0328209289531807,MES,baseline__atr_breakout,baseline
24315,407543.32909967494,621732.5712424626,-214189.2421427876,0.6554961859007088,0.457413119473576,36.64298948927126,-47.190327988042704,-8.808934490758281,-213802.473412321,-2.150177779228187,-2.243653364727952,-2.7029063545149703,-1.001809000262222,2.6236068270614847,5.74553773390911,5.232747275344438,14,15,324.2,0.0,-2.243653364727952,MES,baseline__vwap_mean_reversion,baseline
21857,415567.41504015075,591918.1476603654,-176350.73262021467,0.7020690558022858,0.47472205700690856,40.050830285288235,-51.68236686111634,-8.06838690672163,-176982.79307823617,-1.7630365170873927,-1.8057396255201252,-2.108933531389761,-0.9964286897780956,2.623644598984307,5.707473578258681,5.369698494761404,12,17,291.4266666666667,0.0,-1.8057396255201252,MES,baseline__opening_range_breakout,baseline
1563,144163.8331336027,207080.07306840605,-62916.239934803336,0.6961743397008564,0.47728726807421623,193.2491060772154,-254.0859792250381,-40.25351243429516,-62777.71699917343,-0.6294324631508105,-2.5874020047863993,-5.4937646948983145,-1.0022065621728762,3.060140754958413,5.584612923864364,5.251759436980167,8,12,20.84,0.0,-2.5874020047863993,MES,baseline__random_entry_matched_holding,baseline
32480,530043.1745378153,758769.3768886048,-228726.20235078956,0.6985563607104179,0.47312192118226604,34.49230002849061,-44.43224084374333,-7.0420628802583,-228276.1211247998,-2.296149914870499,-2.0009812112885017,-2.4717582508294735,-1.001971652679974,2.672937192118227,5.7917102832512315,5.444019396551724,12,16,433.06666666666666,0.0,-2.0009812112885017,MES,baseline__ema_crossover_9_21,baseline
7579,213687.72576079014,327267.1072917528,-113579.38153096262,0.6529459300970669,0.47064256498218765,59.90684770417442,-81.77588887849896,-14.9860643265553,-114351.97300955339,-1.135856385027606,-2.0850885805767514,-2.372232732222427,-0.9932437415966034,2.4219554030874786,5.465166908563135,5.095791001451379,13,12,101.05333333333333,0.0,-2.0850885805767514,MES,baseline__donchian_channel_20,baseline
9185,217205.15198479668,346353.7798467481,-129148.62786195145,0.627119334689819,0.4562874251497006,51.826569311571625,-69.45132942585685,-14.060819582139516,-128890.44594109742,-1.2922407915085543,-2.293046369751652,-2.620405387296318,-1.0020031113940906,2.336418072945019,5.531927054980947,4.899782253674469,8,14,122.46666666666667,0.0,-2.293046369751652,MES,baseline__bollinger_mean_reversion_20,baseline
1214,193288.96423541952,228337.85459797934,-35048.8903625598,0.8465042494847458,0.4728171334431631,336.7403558108354,-356.77789780934273,-28.87058514214152,-35373.570596479396,-0.3536357664799263,-1.2955129728730455,-6.172067693487877,-0.9908213892902317,2.831136738056013,25.077429983525537,23.671952224052717,7,9,19.26984126984127,0.0,-1.2955129728730455,MNQ,strategy__cost=fixed_tick__slip=1x__conf=0.50,strategy
821,140031.71977422974,163019.0328102634,-22987.313036033633,0.8589900047880397,0.47868453105968334,356.3148085858263,-380.8855906781855,-27.999163259480675,-26511.41934004854,-0.2615309546916223,-1.1879836509606707,-6.571417054594911,-0.8670721375263625,2.745432399512789,24.532886723507918,24.159561510353228,6,10,13.241935483870968,0.0,-1.1879836509606707,MNQ,strategy__cost=fixed_tick__slip=1x__conf=0.65,strategy
1209,166732.36529510698,213546.4230324597,-46814.05773735268,0.7807780759210524,0.46980976013234077,293.5428966463151,-333.14574576046755,-38.72130499367468,-46998.973056726274,-0.4706827611798871,-1.9002296845366957,-7.075681608763424,-0.9960655455354226,2.8296112489660876,25.26571546732837,23.516129032258064,7,9,19.19047619047619,0.0,-1.9002296845366957,MNQ,strategy__cost=fixed_tick__slip=2x__conf=0.50,strategy
819,126166.24846472483,158504.20466481528,-32337.95620009045,0.7959804519477911,0.47496947496947495,324.33482895816155,-368.6144294530588,-39.48468400499445,-33829.00624945383,-0.33398466225632334,-1.7728381240613535,-8.206778613448641,-0.9559239181201945,2.7545787545787546,24.635531135531135,24.01068376068376,6,10,13.209677419354838,0.0,-1.7728381240613535,MNQ,strategy__cost=fixed_tick__slip=2x__conf=0.65,strategy
1207,143570.9195519982,199506.2354759094,-55935.315923911185,0.7196312396428058,0.4647887323943662,255.91964269518397,-308.83318185125296,-46.34243241417662,-55750.399246951725,-0.5593091034795952,-2.4822957688887333,-7.327430326298646,-1.0033168673131891,2.8376139188069596,25.460646230323114,23.366197183098592,7,9,19.158730158730158,0.0,-2.4822957688887333,MNQ,strategy__cost=fixed_tick__slip=3x__conf=0.50,strategy
816,111485.59380266946,152329.6177050189,-40844.023902349436,0.7318707647422678,0.4681372549019608,291.8471041954698,-350.9899025461265,-50.053950860722345,-42169.82682588393,-0.4166645390261994,-2.401118394189486,-8.942766804411466,-0.9685603896594445,2.763480392156863,24.824754901960784,23.844975490196077,6,10,13.161290322580646,0.0,-2.401118394189486,MNQ,strategy__cost=fixed_tick__slip=3x__conf=0.65,strategy
1214,4353.8820446996415,147133.64808343636,-142779.7660387367,0.02959134162316595,0.1400329489291598,25.61107085117436,-140.9326131067398,-117.61100991658708,-141872.58214732513,-1.4321406525926788,-10.512305885002506,-10.33212815350632,-1.006394356666248,2.831136738056013,25.077429983525537,23.671952224052717,4,32,19.26984126984127,0.0,-10.512305885002506,MNQ,strategy__cost=roll_spread__slip=1x__conf=0.50,strategy
821,3015.6027125453707,119723.20108945147,-116707.5983769061,0.025188122979540584,0.1315468940316687,27.922247338383062,-167.9147280356963,-142.15298218867977,-115722.62094481048,-1.1687380151375308,-11.099692031039462,-10.956371415941092,-1.0085115375373788,2.745432399512789,24.532886723507918,24.159561510353228,4,32,13.241935483870968,0.0,-11.099692031039462,MNQ,strategy__cost=roll_spread__slip=1x__conf=0.65,strategy
1214,207280.98363653658,236156.70185908274,-28875.718222546173,0.8777264502966483,0.47364085667215816,360.48866719397665,-369.57230337884624,-23.78559985382716,-29625.562338491553,-0.29582679816634483,-1.017358329923533,-5.483970780735305,-0.9746892866579909,2.831136738056013,25.077429983525537,23.671952224052717,7,9,19.26984126984127,0.0,-1.017358329923533,MNQ,strategy__cost=impact__slip=1x__conf=0.50,strategy
821,148523.56718681514,165992.38013838493,-17468.812951569755,0.894761356292341,0.47990255785627284,376.9633684944547,-388.7409370922364,-21.277482279622113,-22047.244946517923,-0.21737722674994184,-0.8703776502286404,-5.282800023170924,-0.7923354139687521,2.745432399512789,24.532886723507918,24.159561510353228,6,10,13.241935483870968,0.0,-0.8703776502286404,MNQ,strategy__cost=impact__slip=1x__conf=0.65,strategy
1515,295675.64285714296,317009.92857142846,-21334.285714285536,0.9327015219667529,0.49372937293729374,395.28829258976333,-413.8510816859379,-14.082036775105964,-27371.761904761806,-0.25957691916024983,-0.5409786043187899,-2.7151941816854506,-0.779426833702439,4.221122112211221,43.347524752475245,40.8013201320132,9,10,20.2,0.0,-0.5409786043187899,MNQ,baseline__buy_and_hold_intraday,baseline
30050,1460247.7130066638,1583051.4276758195,-122803.7146691555,0.9224259474315046,0.49417637271214643,98.33317932704807,-104.2990794357504,-4.086646078840449,-123997.51187552401,-1.2453465066280127,-0.4634189323520519,-0.6490118696685316,-0.990372409991848,2.9588352745424293,25.803851913477537,25.603036605657238,15,11,400.6666666666667,0.0,-0.4634189323520519,MNQ,baseline__prior_bar_momentum,baseline
30037,1180054.8720622074,1324269.4371839222,-144214.56512171484,0.891098774107187,0.48866398108998904,80.39616242418636,-86.26600463708698,-4.801230652918562,-149330.9987045669,-1.4594497463740046,-0.7126595944458155,-1.0887361484086453,-0.9657376323252594,2.9609481639311515,26.01034557379232,25.38167926224323,11,15,400.49333333333334,0.0,-0.7126595944458155,MNQ,baseline__prior_bar_mean_reversion,baseline
11278,904655.0178949223,987299.1063437128,-82644.0884487904,0.9162927547307844,0.4947685759886505,162.12455517830148,-173.57579225452054,-7.327902859442312,-85382.20052832483,-0.8342000317900855,-0.5871070422122926,-1.0530906198345305,-0.967931113714666,2.6467458769285335,22.888211562333748,22.91443518354318,13,17,150.37333333333333,0.0,-0.5871070422122926,MNQ,baseline__atr_breakout,baseline
22860,954395.7005081361,1088120.666052496,-133724.96554436014,0.8771046541837222,0.4830708661417323,86.42540075234412,-92.13553480546113,-5.849736025562561,-135907.88033135943,-1.3470231970320716,-0.7911843455015602,-1.1719747832493945,-0.9839382765614688,2.8564304461942256,25.063867016622922,24.37965879265092,12,17,304.8,0.0,-0.7911843455015602,MNQ,baseline__vwap_mean_reversion,baseline
19793,1077441.0300008557,1169774.0416937382,-92333.01169288256,0.921067652040567,0.49770120749760016,109.37377220595428,-117.77829658615971,-4.664932637441649,-94516.73438528123,-0.9383768613913416,-0.504663765999257,-0.7607697463096152,-0.9768959147118107,2.854797150507755,25.01261809730713,24.602523619461426,11,13,263.9066666666667,0.0,-0.504663765999257,MNQ,baseline__opening_range_breakout,baseline
1552,289679.1769923976,305321.4522912351,-15642.275298837501,0.9487678471936623,0.5019329896907216,371.86030422644103,-394.98247385670777,-10.078785630694266,-29574.05782217208,-0.2795828703290367,-0.4047850601402727,-1.6320166321565688,-0.528918804206512,3.3563144329896906,25.296069587628867,25.19958118556701,10,15,20.69333333333333,0.0,-0.4047850601402727,MNQ,baseline__random_entry_matched_holding,baseline
29942,1468079.9680056884,1586098.483503636,-118018.51549794727,0.925591937243866,0.4968605971544987,98.68118357233908,-105.40261054649362,-3.9415708869797363,-120673.1849296895,-1.1919281843776106,-0.4542809388576418,-0.6516647316033013,-0.9780011654346492,2.9582860196379666,25.795112216952777,25.39432903613653,12,15,399.2266666666667,0.0,-0.4542809388576418,MNQ,baseline__ema_crossover_9_21,baseline
7443,730327.3099362638,799057.7425893934,-68730.43265312952,0.9139856496097459,0.49818621523579204,196.95990019856092,-214.3970331605563,-9.234237895086595,-70955.55163123523,-0.6974568275673909,-0.6458757499965584,-1.4481292909751304,-0.9686406640925023,2.7132876528281606,23.11329437054951,23.264711809754132,10,12,99.24,0.0,-0.6458757499965584,MNQ,baseline__donchian_channel_20,baseline
8465,601375.9844120417,693852.0890496883,-92476.10463764652,0.8667207231957701,0.4819846426461902,147.39607461079453,-158.3052906798285,-10.924525060560724,-93859.4548959843,-0.9336583649714107,-0.9040719010135712,-1.4508117180704079,-0.9852614714215973,2.536326048434731,23.852421736562317,22.486769049025398,12,14,112.86666666666666,0.0,-0.9040719010135712,MNQ,baseline__bollinger_mean_reversion_20,baseline
1159,152766.85707824357,168898.71168352422,-16131.854605280678,0.9044879949380082,0.5047454702329595,261.1399266294762,-294.7621495349463,-13.918770151234407,-18256.23422594466,-0.18123415608631924,-0.7467959688807514,-2.104529846328578,-0.8836353875409343,2.6747195858498705,37.46850733390854,38.09318377911993,8,11,18.396825396825395,0.0,-0.7467959688807514,YM,strategy__cost=fixed_tick__slip=1x__conf=0.50,strategy
823,103782.31655754868,123557.25084674366,-19774.93428919499,0.83995326738272,0.4823815309842041,261.4164145026415,-290.7229431688086,-24.027866694040085,-21965.56913455893,-0.21795344498469038,-1.2961490193977467,-3.6136272928704423,-0.9002696068586101,2.6998784933171325,38.32685297691373,37.79951397326853,11,10,13.063492063492063,0.0,-1.2961490193977467,YM,strategy__cost=fixed_tick__slip=1x__conf=0.65,strategy
1159,116789.5308748271,160829.21746307335,-44039.686588246244,0.7261711069485379,0.48921484037963764,205.97800859757868,-271.67097544438064,-37.99800395879745,-45294.97296877563,-0.45452190477893817,-2.3402801526339103,-6.085403786009896,-0.9722864084410707,2.6842105263157894,38.36324417601381,37.057808455565144,8,11,18.396825396825395,0.0,-2.3402801526339103,YM,strategy__cost=fixed_tick__slip=2x__conf=0.50,strategy
820,84099.72615260286,124667.89315508347,-40568.16700248062,0.6745900971309837,0.46707317073170734,219.58153042455055,-285.28122003451597,-49.473374393269054,-42203.80184784457,-0.4207714386172904,-2.8861550607831803,-7.373782520472098,-0.9612443719819171,2.7219512195121953,39.35243902439024,36.96463414634146,10,10,13.015873015873016,0.0,-2.8861550607831803,YM,strategy__cost=fixed_tick__slip=2x__conf=0.65,strategy
1157,101084.71155453115,169177.31776294962,-68092.60620841847,0.5975074725807542,0.4736387208297321,184.46115247177218,-277.79526726264305,-58.85272792430291,-69227.89258894786,-0.6948909964122716,-3.740813538526324,-9.48852362091096,-0.9836007375340696,2.6914433880726016,39.41400172860847,36.155574762316334,8,11,18.365079365079364,0.0,-3.740813538526324,YM,strategy__cost=fixed_tick__slip=3x__conf=0.50,strategy
819,70226.50668774317,127051.13037956956,-56824.62369182638,0.5527420848436303,0.4517704517704518,189.80136942633288,-282.9646556337852,-69.38293491065492,-57996.92480080156,-0.5804761197114411,-4.3001013483409585,-10.37707132548163,-0.9797868401988277,2.733821733821734,40.48962148962149,36.18315018315018,10,11,13.0,0.0,-4.3001013483409585,YM,strategy__cost=fixed_tick__slip=3x__conf=0.65,strategy
1159,11383.421397761096,311880.243176537,-300496.82177877595,0.03649933475047861,0.15271786022433131,64.31311524158811,-317.59698897814354,-259.27249506365484,-300251.6935880173,-3.009895037128417,-14.897785350460088,-15.91679225365701,-1.0008164090194775,2.6747195858498705,37.46850733390854,38.09318377911993,4,50,18.396825396825395,0.0,-14.897785350460088,YM,strategy__cost=roll_spread__slip=1x__conf=0.50,strategy
823,7003.7181993591685,234209.20146376282,-227205.48326440365,0.029903685062701493,0.12879708383961117,66.07281320150159,-326.6516059466706,-276.0698460077809,-226384.73465370393,-2.2825816033344957,-15.657160735310232,-16.66377669238628,-1.0036254591633804,2.6998784933171325,38.32685297691373,37.79951397326853,4,40,13.063492063492063,0.0,-15.657160735310232,YM,strategy__cost=roll_spread__slip=1x__conf=0.65,strategy
1159,183354.36632335105,184025.5307672313,-671.1644438802705,0.9963528732068747,0.5064710957722174,312.35837533790635,-321.72295588676803,-0.5790892527008373,-15275.687805541267,-0.13501039707320925,-0.027519781782871417,-0.0871974657514383,-0.04393677407028475,2.6747195858498705,37.46850733390854,38.09318377911993,8,11,18.396825396825395,0.0,-0.027519781782871417,YM,strategy__cost=impact__slip=1x__conf=0.50,strategy
823,114816.71880844937,124892.11823105122,-10075.399422601837,0.9193271796066241,0.4848116646415553,287.76120002117636,-294.5568826204038,-12.242283624060555,-14332.994696443784,-0.13942710815086123,-0.6316569574991524,-1.9381284269201526,-0.7029514512484738,2.6998784933171325,38.32685297691373,37.79951397326853,11,10,13.063492063492063,0.0,-0.6316569574991524,YM,strategy__cost=impact__slip=1x__conf=0.65,strategy
1518,305517.6190476189,363339.7619047616,-57822.142857142695,0.8408593032757614,0.46772068511198944,430.30650570087164,-451.3537414965983,-38.09100319969875,-62028.0952380953,-0.6131855199359793,-1.2245540919206976,-2.7311015560464713,-0.9321927851434414,5.839920948616601,76.47628458498023,70.19894598155467,6,10,20.513513513513512,0.0,-1.2245540919206976,YM,baseline__buy_and_hold_intraday,baseline
30463,3410424.6600251733,4061995.0965956114,-651570.4365704383,0.8395934950496311,0.48481764763811835,230.91777777948224,-259.0888567799216,-21.38891233858905,-651912.8855500313,-6.496880355019248,-1.1453486930783858,-1.9770881370701474,-0.9994747013179467,2.897744805173489,42.81777894494961,41.324656140235696,12,18,406.17333333333335,0.0,-1.1453486930783858,YM,baseline__prior_bar_momentum,baseline
30442,3405822.480343976,4034848.993834486,-629026.5134905106,0.8441015972464635,0.47930490769331846,233.41940102419136,-254.87012783996502,-20.66311390481935,-639136.0852450898,-6.371430779236509,-1.1094646199135394,-2.0378540409450916,-0.9841824425377227,2.900302214046383,43.02214046383286,41.137178897575716,14,13,405.8933333333333,0.0,-1.1094646199135394,YM,baseline__prior_bar_mean_reversion,baseline
11615,1175758.7275157266,1380053.2184164883,-204294.49090076148,0.8519662226249688,0.4922083512699096,205.66008877308494,-234.22491826484864,-17.58884984078876,-204605.29196503965,-2.0397134684821223,-1.056804888528681,-1.9214200095465446,-0.9984809725042142,2.503486870426173,37.823073611709,37.89789065863108,12,11,154.86666666666667,0.0,-1.056804888528681,YM,baseline__atr_breakout,baseline
23589,2502183.7731359024,3066295.875555101,-564112.102419198,0.816028157322856,0.473525795921828,224.00929034341112,-247.24204769836322,-23.914201637169782,-569254.160234065,-5.664767498708916,-1.335496550980596,-2.4091581150457007,-0.9909670263757885,2.7595065496629787,41.66450464199415,39.425494934079445,11,12,314.52,0.0,-1.335496550980596,YM,baseline__vwap_mean_reversion,baseline
19748,2187925.5622953614,2569915.2039294243,-381989.6416340623,0.8513609939152867,0.4873911282155155,227.3169415371804,-254.04460299816373,-19.343206483393878,-382675.69484805304,-3.829168458983132,-1.0577874271481233,-1.8966089642614417,-0.9982072203089272,2.7682803321855376,42.254759975693744,40.87072108567956,11,11,263.3066666666667,0.0,-1.0577874271481233,YM,baseline__opening_range_breakout,baseline
1553,205049.06559555698,227920.42641865808,-22871.360823101095,0.8996519917829147,0.49645846748229233,265.95209545467833,-291.4583458039106,-14.727212378043204,-27898.399346313323,-0.2773427185871227,-0.7386281185886053,-1.5984833072604698,-0.8198090700183295,3.5724404378622023,40.95814552479073,41.51513200257566,7,10,20.706666666666667,0.0,-0.7386281185886053,YM,baseline__random_entry_matched_holding,baseline
30438,3386042.914843651,4022563.600634258,-636520.6857906065,0.841762430881082,0.4840659701688679,229.81151858583215,-256.4265698115801,-20.912040403134455,-637321.9476026852,-6.38226090057495,-1.1264904241218299,-1.985115124862183,-0.998742767583805,2.900683356330902,42.70957355936658,41.25717852684145,12,17,405.84,0.0,-1.1264904241218299,YM,baseline__ema_crossover_9_21,baseline
7775,785841.9875700616,941650.6089473431,-155808.6213772815,0.8345366955675231,0.48578778135048234,208.05983255760168,-235.82534659337418,-20.039694067817557,-156840.1578598069,-1.5523881287001426,-1.2043190922485736,-2.2025751251500005,-0.9934230078788402,2.4463022508038583,38.35305466237942,38.228167202572344,14,15,103.66666666666667,0.0,-1.2043190922485736,YM,baseline__donchian_channel_20,baseline
9119,908782.5066047051,1147383.2020876477,-238600.69548294268,0.7920479443582475,0.4700076762802939,212.03511586670675,-237.6026510846237,-26.165225954922985,-242215.42653313858,-2.425591216649413,-1.5460377918786596,-2.869582999969315,-0.9850763797255442,2.3773440070183134,40.10220418905582,36.55159556968966,13,13,121.58666666666667,0.0,-1.5460377918786596,YM,baseline__bollinger_mean_reversion_20,baseline
1189,181299.45252681474,213081.3793676925,-31781.926840877735,0.8508460620294982,0.496215306980656,307.2872076725674,-355.72851313471205,-26.729963701326945,-34922.808543122665,-0.3447214404650237,-1.2278764423375361,-4.229483460014749,-0.9100621675840713,2.5946173254835996,38.19428090832633,37.75777964676198,12,10,18.873015873015873,0.0,-1.2278764423375361,MYM,strategy__cost=fixed_tick__slip=1x__conf=0.50,strategy
810,134697.74945898604,151008.21572768822,-16310.466268702156,0.8919895438132008,0.5074074074074074,327.73175050848187,-378.4667060844316,-20.136378109508833,-18522.779603428484,-0.18455238258698667,-0.8750668689797452,-3.3663946087913246,-0.8805625623102032,2.562962962962963,38.0358024691358,37.998765432098764,7,12,12.857142857142858,0.0,-0.8750668689797452,MYM,strategy__cost=fixed_tick__slip=1x__conf=0.65,strategy
1185,131804.85591328773,188451.55962191557,-56646.70370862779,0.6994097378537151,0.48270042194092827,230.42806977847505,-307.42505647947075,-47.803125492512905,-57598.37006326487,-0.5732792922134895,-2.6344463217706653,-6.743425377286392,-0.9834775471321188,2.621940928270042,38.951054852320674,37.01350210970464,12,10,18.80952380952381,0.0,-2.6344463217706653,MYM,strategy__cost=fixed_tick__slip=2x__conf=0.50,strategy
806,104208.81556357123,142575.0023002779,-38366.18673670669,0.7309052350151575,0.49255583126550867,262.4907193037059,-348.5941376534912,-47.60072796117455,-39517.61220278653,-0.3939916984824668,-2.359018621599612,-7.333509423403081,-0.9708629797728859,2.6029776674937963,38.8560794044665,37.436724565756826,7,13,12.793650793650794,0.0,-2.359018621599612,MYM,strategy__cost=fixed_tick__slip=2x__conf=0.65,strategy
1187,98161.85716922794,169051.4563883787,-70889.59921915075,0.5806625939010602,0.4709351305812974,175.6026067428049,-269.19021717894697,-59.72165056373273,-71477.49889984602,-0.712440012394326,-3.8313354083404594,-7.614282119052177,-0.9917750384422512,2.624262847514743,39.86267902274642,36.3150800336984,12,10,18.841269841269842,0.0,-3.8313354083404594,MYM,strategy__cost=fixed_tick__slip=3x__conf=0.50,strategy
807,81987.0688940828,135213.41799833468,-53226.34910425187,0.606353053622922,0.48203221809169766,210.76367324957016,-323.4770765510399,-65.95582292968014,-54052.2713932843,-0.5391122805829338,-3.6714254114435403,-9.326994232318631,-0.984719933728168,2.607187112763321,39.77695167286245,36.81288723667906,7,13,12.80952380952381,0.0,-3.6714254114435403,MYM,strategy__cost=fixed_tick__slip=3x__conf=0.65,strategy
1189,4508.2454774137495,111804.03429366098,-107295.78881624724,0.04032274421844683,0.15391084945332212,24.635221188053276,-111.13721102749601,-90.24036065285722,-107020.87382149228,-1.0731590132599385,-8.060276091771229,-7.743997511620411,-1.0025687978890316,2.5946173254835996,38.19428090832633,37.75777964676198,5,44,18.873015873015873,0.0,-8.060276091771229,MYM,strategy__cost=roll_spread__slip=1x__conf=0.50,strategy
810,3331.985339425774,101245.34019750703,-97913.35485808125,0.03291001178845185,0.1308641975308642,31.433823956846922,-143.81440368964067,-120.88068500997686,-97638.43986332623,-0.9790760254372399,-9.137958620493572,-8.906440514557694,-1.002815643051444,2.562962962962963,38.0358024691358,37.998765432098764,3,35,12.857142857142858,0.0,-9.137958620493572,MYM,strategy__cost=roll_spread__slip=1x__conf=0.65,strategy
1189,214319.38170985982,228358.43538377475,-14039.053673914927,0.9385218520598061,0.496215306980656,363.25318933874547,-381.2327802734136,-11.807446319524749,-22641.777435116863,-0.21380994056900987,-0.4871737303930483,-1.903485927183983,-0.620050864564223,2.5946173254835996,38.19428090832633,37.75777964676198,12,10,18.873015873015873,0.0,-0.4871737303930483,MYM,strategy__cost=impact__slip=1x__conf=0.50,strategy
810,153577.8995510997,156118.7130191488,-2540.813468049124,0.9837251190525926,0.5074074074074074,373.6688553554737,-391.274969972804,-3.136806750677931,-10323.895883595513,-0.10130547795004766,-0.1261712485787655,-0.5070715240157031,-0.24610994693257526,2.562962962962963,38.0358024691358,37.998765432098764,7,12,12.857142857142858,0.0,-0.1261712485787655,MYM,strategy__cost=impact__slip=1x__conf=0.65,strategy
1530,193874.47619047627,249025.04761904743,-55150.57142857117,0.7785340392226762,0.46405228758169936,273.06264252179756,-304.4315985562927,-36.046125116713185,-57299.76190476166,-0.5625151492415011,-1.8513617416033015,-4.9553442542334425,-0.9624921569523679,5.9,77.0718954248366,70.44117647058823,6,10,20.675675675675677,0.0,-1.8513617416033015,MYM,baseline__buy_and_hold_intraday,baseline
30478,746746.551357582,891441.3370836347,-144694.78572605277,0.837684455828104,0.484021261237614,50.620021106126764,-56.76162604798693,-4.747515772887091,-145232.54082809362,-1.4458011567955316,-0.7725837033557943,-0.8818235804690169,-0.9962972822827814,2.908261696961743,42.980510532187154,41.452851236957805,12,16,406.37333333333333,0.0,-0.7725837033557943,MYM,baseline__prior_bar_momentum,baseline
30516,608154.6056174928,750187.2354486634,-142032.62983117043,0.8106704258354579,0.4786341591296369,41.637313817437544,-47.18158713513606,-4.654365900877258,-144925.7247966093,-1.4227004946156863,-0.9771731418856485,-1.1356844726452353,-0.9800373952278031,2.9046074190588542,43.14146677152969,41.29918731157426,18,13,406.88,0.0,-0.9771731418856485,MYM,baseline__prior_bar_mean_reversion,baseline
11679,426968.4167926459,525284.4860663442,-98316.06927369829,0.812832718495172,0.4899392071238976,74.61873764289513,-88.26827189822622,-8.418192420044377,-98886.21932270798,-0.9841025806136362,-1.0517793815079919,-1.2798418064604797,-0.9942342820575529,2.5187087935610926,38.23846219710592,37.9001626851614,11,14,155.72,0.0,-1.0517793815079919,MYM,baseline__atr_breakout,baseline
23570,589966.376723873,722565.81871494,-132599.44199106697,0.8164880782391688,0.4749681798896903,52.69909573236918,-58.43165281537603,-5.625771828216672,-134190.547855274,-1.332486462222198,-0.9211675533062433,-1.0737244733153524,-0.9881429363719191,2.77496817988969,41.63635977938057,39.75176071277047,11,12,314.26666666666665,0.0,-0.9211675533062433,MYM,baseline__vwap_mean_reversion,baseline
19732,531402.2783102235,648984.0418386777,-117581.76352845426,0.8188217953783179,0.4858098520170282,55.43524705927639,-64.0276284371229,-5.958937944884161,-117895.92813246924,-1.1757476654626149,-0.910211327502371,-1.0461647941399261,-0.9973352378746959,2.7822319075613215,42.45971011554835,40.941668355969995,11,12,263.0933333333333,0.0,-0.910211327502371,MYM,baseline__opening_range_breakout,baseline
1558,222330.1950756341,258083.98663378457,-35753.79155815043,0.8614645099663456,0.49550706033376124,287.99248066791984,-328.76940972456634,-22.948518330006692,-38213.976131031886,-0.37958685520237345,-1.1149174620479996,-3.309100437673011,-0.9356208167282637,3.4993581514762515,41.32734274711168,41.709884467265724,7,10,20.773333333333333,0.0,-1.1149174620479996,MYM,baseline__random_entry_matched_holding,baseline
30556,603412.837066085,743156.8877815832,-139744.05071549828,0.8119588837659141,0.4843893179735567,40.76838301912607,-47.23554870536981,-4.573375137959755,-140629.16683419785,-1.3939535606891302,-0.9555074123796495,-1.093765538304602,-0.9937060274292663,2.899299646550596,42.75939259065323,41.37678361042021,12,14,407.41333333333336,0.0,-0.9555074123796495,MYM,baseline__ema_crossover_9_21,baseline
7730,313421.9710434536,405544.3192757177,-92122.34823226408,0.7728427107626853,0.48421733505821474,83.73549854219974,-101.84437952680003,-11.917509473772844,-92545.10387089138,-0.9223495862174008,-1.4137102135089172,-1.814031174793628,-0.9954318962220077,2.477102199223803,38.979689521345406,38.36688227684347,14,13,103.06666666666666,0.0,-1.4137102135089172,MYM,baseline__donchian_channel_20,baseline
9079,357669.5490473397,459947.6304057634,-102278.08135842375,0.7776310288451872,0.4697653926643903,83.86155897944658,-95.6629846933784,-11.26534655341158,-102494.14936430863,-1.0236556816488382,-1.2517906816673134,-1.5300364902113488,-0.9978918991257064,2.404670117854389,40.34508205749532,36.91177442449609,11,13,121.05333333333333,0.0,-1.2517906816673134,MYM,baseline__bollinger_mean_reversion_20,baseline
1190,156498.12042079167,194326.83019060834,-37828.70976981666,0.8053346018523957,0.49495798319327733,265.7013929045699,-323.33915173146147,-31.78883173934173,-40263.910867006074,-0.40108532692642945,-1.6515095852127788,-5.953656559335718,-0.9395190123176803,2.8588235294117648,3.1786554621847833,3.1621008403362243,8,13,18.88888888888889,0.0,-1.6515095852127788,RTY,strategy__cost=fixed_tick__slip=1x__conf=0.50,strategy
841,111806.94948798558,143320.97772630356,-31514.028238317977,0.7801157322656594,0.4875148632580262,272.69987679996484,-332.5312708266904,-37.47209065198332,-33519.96335035206,-0.3339061002629718,-1.9006514044901512,-7.306348890740433,-0.9401570016330876,2.821640903686088,3.1259215219975274,3.178953626635049,8,13,13.34920634920635,0.0,-1.9006514044901512,RTY,strategy__cost=fixed_tick__slip=1x__conf=0.65,strategy
1185,112132.32808722038,173590.88005557546,-61458.55196835506,0.6459574837763423,0.4767932489451477,198.46429749950508,-279.9852904122185,-51.86375693532072,-63653.7530655445,-0.6343654992673164,-3.226946915617351,-8.407465396880173,-0.9655134066497377,2.8455696202531646,3.2710548523205905,3.092489451476875,8,15,18.80952380952381,0.0,-3.226946915617351,RTY,strategy__cost=fixed_tick__slip=2x__conf=0.50,strategy
837,84048.79018421168,134937.99582110587,-50889.2056368942,0.6228697089561003,0.46953405017921146,213.8646060666964,-303.9144050024907,-60.79952883738853,-52685.140748928374,-0.5250536536431466,-3.5226423253451853,-9.738810176382753,-0.9659119234284156,2.812425328554361,3.2096774193547497,3.1102747909200352,7,13,13.285714285714286,0.0,-3.5226423253451853,RTY,strategy__cost=fixed_tick__slip=2x__conf=0.65,strategy
1189,89094.15109263468,174295.95391007734,-85201.80281744266,0.5111659169013187,0.4499579478553406,166.53112353763493,-266.50757478605095,-71.65837074637734,-86710.26832301279,-0.8645316153787141,-4.8434071654147965,-11.013969456586691,-0.9826033809519444,2.7981497056349873,3.3500420521447407,2.9756938603868095,7,15,18.873015873015873,0.0,-4.8434071654147965,RTY,strategy__cost=fixed_tick__slip=3x__conf=0.50,strategy
845,67183.56873672565,134732.42922367173,-67548.8604869461,0.4986443807466204,0.4437869822485207,179.15618329793506,-286.6647430290888,-79.9394798662084,-69134.79559898008,-0.6892980228755768,-5.071798956187959,-12.056689716131347,-0.9770602473285191,2.7680473372781065,3.2809467455622094,2.9871005917159037,6,13,13.412698412698413,0.0,-5.071798956187959,RTY,strategy__cost=fixed_tick__slip=3x__conf=0.65,strategy
1190,9158.137750965503,297307.31181590597,-288149.1740649404,0.03080360753669006,0.11764705882352941,65.4152696497536,-283.1498207770533,-242.14216307978188,-287562.3373280412,-2.892598202181705,-15.73002134901137,-16.80148326928681,-1.0020407287767652,2.8588235294117648,3.1786554621847833,3.1621008403362243,3,52,18.88888888888889,0.0,-15.73002134901137,RTY,strategy__cost=roll_spread__slip=1x__conf=0.50,strategy
841,6694.960876461402,214124.62990503275,-207429.66902857134,0.0312666547488288,0.12009512485136742,66.28674135110299,-289.357607979774,-246.64645544419898,-206842.83229167195,-2.080638272662693,-16.01790454610942,-17.26657599191436,-1.0028371142011432,2.821640903686088,3.1259215219975274,3.178953626635049,4,37,13.34920634920635,0.0,-16.01790454610942,RTY,strategy__cost=roll_spread__slip=1x__conf=0.65,strategy
1190,191330.92943674535,209342.81105060934,-18011.88161386398,0.9139598750801643,0.49495798319327733,324.84028766849804,-348.324144842944,-15.136034969633597,-20394.973890259964,-0.20310233354288382,-0.6964144928928738,-3.1286463700435423,-0.8831529626260479,2.8588235294117648,3.1786554621847833,3.1621008403362243,8,13,18.88888888888889,0.0,-0.6964144928928738,RTY,strategy__cost=impact__slip=1x__conf=0.50,strategy
841,131769.97231331674,149118.1027250072,-17348.130411690472,0.8836618083608359,0.4875148632580262,321.3901763739433,-345.98167685616517,-20.62797908643338,-22417.74778150495,-0.22324602677593455,-0.956114481667863,-4.248369646526637,-0.773856971751774,2.821640903686088,3.1259215219975274,3.178953626635049,8,13,13.34920634920635,0.0,-0.956114481667863,RTY,strategy__cost=impact__slip=1x__conf=0.65,strategy
1527,304379.5238095282,354405.2380952345,-50025.714285706315,0.8588460075969205,0.47871643745907005,416.38785746857485,-445.2327111749177,-32.76078211244683,-52279.99999999244,-0.5186899992440095,-1.1089813646808893,-2.897819615416423,-0.9568805333916134,5.185985592665357,7.288539620170175,6.859986902423145,8,9,20.635135135135137,0.0,-1.1089813646808893,RTY,baseline__buy_and_hold_intraday,baseline
29338,2936627.16152276,3583348.151702772,-646720.9901800121,0.8195204700183273,0.48091212761606106,208.13857548534693,-235.29766574973877,-22.043799515304794,-649408.1167912679,-6.3241434269535794,-1.332701782374382,-2.4817153154317477,-0.9958621912141583,3.0583884382030133,3.8195071238665665,3.6309223532620707,13,16,391.17333333333335,0.0,-1.332701782374382,RTY,baseline__prior_bar_momentum,baseline
29312,2935043.212486931,3561350.135941433,-626306.9234545019,0.8241377849558341,0.47993995633187775,208.63258547675088,-233.6230737300861,-21.366911962830986,-628184.0678804072,-6.301212979387867,-1.2959582163379473,-2.4240429908182586,-0.9970117923680569,3.062807041484716,3.801893422488994,3.6502456331878603,13,14,390.82666666666665,0.0,-1.2959582163379473,RTY,baseline__prior_bar_mean_reversion,baseline
10912,957973.6563275403,1227786.758956586,-269813.10262904566,0.7802443293505283,0.47562316715542524,184.58066595906365,-214.5730092549084,-24.726274067911078,-272511.7533357083,-2.6809079883999996,-1.695680456541789,-3.3033360029615504,-0.9900971217805122,2.619043255131965,3.3592100439881802,3.146627565982491,13,15,145.49333333333334,0.0,-1.695680456541789,RTY,baseline__atr_breakout,baseline
22796,2187641.6890490837,2707041.4473988945,-519399.75834981044,0.8081301049716528,0.47596069485874715,201.6259621243395,-226.6065166079771,-22.78468846946001,-519106.09624400793,-5.206350039602205,-1.4392073867774138,-2.7301994545464177,-1.000565707295536,2.9264344621863483,3.639919284084837,3.4838875241271285,11,13,303.94666666666666,0.0,-1.4392073867774138,RTY,baseline__vwap_mean_reversion,baseline
18643,1831356.0770735624,2195176.3300222047,-363820.2529486422,0.8342637682573034,0.4880652255538272,201.27003814414357,-230.00590213979513,-19.51511306917568,-365025.05640049436,-3.606795764137608,-1.2152795585694283,-2.280961397489973,-0.9966993952038999,2.923992919594486,3.689213109477999,3.5327522394465305,13,13,248.57333333333332,0.0,-1.2152795585694283,RTY,baseline__opening_range_breakout,baseline
1558,180954.32711084172,231859.34115351847,-50905.01404267675,0.7804487246904943,0.47753530166880614,243.2181816005937,-284.8394854465829,-32.67330811468341,-55760.52611701022,-0.55070930609709,-1.7659646874745596,-3.9951101092451466,-0.9129220541401554,3.683568677792041,3.7444801026956713,3.6033376123235867,9,10,20.773333333333333,0.0,-1.7659646874745596,RTY,baseline__random_entry_matched_holding,baseline
29343,2924970.4518831093,3543447.899520184,-618477.4476370738,0.8254588566912971,0.4846130252530416,205.69412460500067,-234.30853002183323,-21.077512443754006,-620563.2167026736,-6.116588759989507,-1.28296828316243,-2.3857789168930026,-0.9966389096074976,3.055174999148008,3.7945813311521444,3.6192993218144904,13,13,391.24,0.0,-1.28296828316243,RTY,baseline__ema_crossover_9_21,baseline
7341,643376.6291957265,842589.000671128,-199212.37147540154,0.7635711226746047,0.47404985696771557,184.8783417229099,-218.23076940459157,-27.13695293221653,-200999.84445872522,-1.9884012265036513,-1.8422328196683182,-3.6021768917620527,-0.9911070927037919,2.57716932298052,3.397888571039276,3.167088952458882,11,11,97.88,0.0,-1.8422328196683182,RTY,baseline__donchian_channel_20,baseline
8365,762507.6177723416,944271.201061033,-181763.58328869136,0.8075091318209724,0.4847579199043634,188.0413360720941,-219.08844572181738,-21.729059568283486,-182408.5832886926,-1.8238122610477683,-1.4518293075664428,-2.7752997239310724,-0.9964639821856386,2.45833831440526,3.3640526001194555,3.219617453676117,13,14,111.53333333333333,0.0,-1.4518293075664428,RTY,baseline__bollinger_mean_reversion_20,baseline
1131,162261.56240103795,209736.1878720036,-47474.62547096565,0.7736459980862332,0.48364279398762156,296.63905374961234,-359.13730800000616,-41.97579617238342,-47402.8462395332,-0.4765638877330443,-1.9857653594616926,-8.552383611260982,-1.0015142388511806,2.8426171529619806,3.146772767462327,3.099292661361715,8,13,17.671875,0.0,-1.9857653594616926,M2K,strategy__cost=fixed_tick__slip=1x__conf=0.50,strategy
787,121769.44861297461,158764.2671360731,-36994.81852309847,0.7669827147478273,0.4815756035578145,321.2914211424132,-389.12810572566934,-47.00739329491546,-37337.27207201857,-0.3753697709642595,-2.0615830439228744,-9.854829499048563,-0.9908281047351409,2.834815756035578,3.1359593392629264,3.0797966963152077,11,12,12.296875,0.0,-2.0615830439228744,M2K,strategy__cost=fixed_tick__slip=1x__conf=0.65,strategy
1132,109184.16286654989,180939.9771499223,-71755.81428337243,0.6034275265552987,0.46996466431095407,205.2333888468983,-301.56662858320385,-63.388528518880236,-71398.09897310665,-0.718135562872702,-3.6894923919155658,-8.716803922515103,-1.0050101517464844,2.8409893992932864,3.2362190812719955,2.9974381625442486,8,13,17.6875,0.0,-3.6894923919155658,M2K,strategy__cost=fixed_tick__slip=2x__conf=0.50,strategy
785,88311.10207107053,147697.50981234273,-59386.40774127219,0.5979186933027802,0.4662420382165605,241.28716412860803,-352.5000234184791,-75.6514748296461,-59249.23492006139,-0.5959399939362819,-3.8567233554775555,-11.350786907009667,-1.002315182995964,2.828025477707006,3.231974522292906,2.9682802547771465,11,12,12.265625,0.0,-3.8567233554775555,M2K,strategy__cost=fixed_tick__slip=2x__conf=0.65,strategy
1128,77860.16608050802,161110.9260075898,-83250.75992708176,0.48327055160020677,0.4601063829787234,150.01958782371486,-264.5499606035957,-73.80386518358311,-82739.91312341881,-0.83260308475391,-4.901694712306067,-8.275892485858337,-1.0061741278710428,2.8226950354609928,3.2851063829788028,2.949911347517658,8,13,17.625,0.0,-4.901694712306067,M2K,strategy__cost=fixed_tick__slip=3x__conf=0.50,strategy
783,66118.08273671297,138572.49739433522,-72454.41465762226,0.47713712302204525,0.454661558109834,185.7249515076207,-324.5257550218623,-92.53437376452395,-72048.67054859664,-0.725018229855993,-5.261975817784851,-11.039615003644037,-1.00563152804814,2.793103448275862,3.2550446998723626,2.9001277139207433,11,12,12.234375,0.0,-5.261975817784851,M2K,strategy__cost=fixed_tick__slip=3x__conf=0.65,strategy
1131,3003.021216724384,110865.333418327,-107862.31220160262,0.027087107611836744,0.11317418213969938,23.46110325565925,-110.53373222166202,-95.3689763055726,-106339.9170916122,-1.079984469988573,-7.191665893398627,-6.948879680501547,-1.0143163089799936,2.8426171529619806,3.146772767462327,3.099292661361715,6,67,17.671875,0.0,-7.191665893398627,M2K,strategy__cost=roll_spread__slip=1x__conf=0.50,strategy
787,2594.7341617927127,103806.52258484655,-101211.78842305386,0.024995868247796274,0.10419313850063533,31.643099534057473,-147.24329444659085,-128.60455962268597,-99689.39331306332,-1.0124419836432546,-8.563202763725103,-8.362315206276996,-1.0152713850430368,2.834815756035578,3.1359593392629264,3.0797966963152077,3,113,12.296875,0.0,-8.563202763725103,M2K,strategy__cost=roll_spread__slip=1x__conf=0.65,strategy
1131,199852.99017028802,228326.8328662751,-28473.842695987085,0.8752934889931949,0.48364279398762156,365.36195643562706,-390.9706042230738,-25.175811402287433,-28931.929263980113,-0.2899097519418082,-1.0460740402600297,-6.765798221790807,-0.9841667465790697,2.8426171529619806,3.146772767462327,3.099292661361715,8,13,17.671875,0.0,-1.0460740402600297,M2K,strategy__cost=impact__slip=1x__conf=0.50,strategy
787,144019.98814868985,165503.88821997968,-21483.900071289816,0.8701909646815398,0.4815756035578145,379.9999687300524,-405.64678485289136,-27.29847531294767,-23455.094075926638,-0.2357330139665705,-1.091676584052714,-6.824967728447608,-0.9159588105570646,2.834815756035578,3.1359593392629264,3.0797966963152077,11,12,12.296875,0.0,-1.091676584052714,M2K,strategy__cost=impact__slip=1x__conf=0.65,strategy
1534,222941.2142857177,268498.83333333005,-45557.6190476123,0.8303247039027001,0.47783572359843546,304.1489962970228,-335.2045359966667,-29.698578257895893,-48779.309523803146,-0.4834923159702573,-1.420867112685607,-5.006001323341897,-0.9339537499066334,5.16232073011734,7.296740547587918,6.8625814863103916,8,9,20.72972972972973,0.0,-1.420867112685607,M2K,baseline__buy_and_hold_intraday,baseline
29452,507970.37837490486,655287.1276799401,-147316.7493050353,0.7751874818194373,0.4794581013173978,35.97269162062919,-42.742621334547,-5.00192684045346,-149392.86160904565,-1.4635438031193448,-1.1021734538617054,-1.1971319560290585,-0.9861030019664297,3.05123590927611,3.8226334374574686,3.6247215808774484,15,14,392.6933333333333,0.0,-1.1021734538617054,M2K,baseline__prior_bar_momentum,baseline
29238,564302.5105325592,705628.6432853959,-141326.13275283665,0.7997159921189928,0.48149668239961696,40.08399705445086,-46.54542501882559,-4.833645692346831,-141082.85024173494,-1.418209527271562,-0.9920240109047698,-1.1052493646526371,-1.0017243946424734,3.082187564128873,3.7980846843148433,3.6712087010056296,12,15,389.84,0.0,-0.9920240109047698,M2K,baseline__prior_bar_mean_reversion,baseline
10958,321815.57335795293,429423.1150232856,-107607.54166533277,0.7494137183102088,0.4730790290198941,62.07862140392611,-74.37185920043048,-9.819998326823578,-108483.68616251525,-1.0763606425653378,-1.3227788027416616,-1.49227548173575,-0.9919237211771181,2.6225588611060413,3.358277057857184,3.13736083226875,12,14,146.10666666666665,0.0,-1.3227788027416616,M2K,baseline__atr_breakout,baseline
22884,507883.47594335943,640632.2494462763,-132748.77350291697,0.7927847472279815,0.47557245236846707,46.66759863487636,-53.38157232282946,-5.800942733041294,-132223.7188497638,-1.3292163005340705,-0.998617558817481,-1.105576407563196,-1.0039709566310848,2.9185457087921693,3.624707219017565,3.483228456563627,12,14,305.12,0.0,-0.998617558817481,M2K,baseline__vwap_mean_reversion,baseline
18631,422336.11958684196,538286.8474442962,-115950.72785745429,0.7845930503262887,0.4885942783532822,46.39526744884565,-56.49526106678172,-6.223537537300966,-117302.91267854036,-1.157379220641491,-1.084646429810006,-1.1934598097682845,-0.9884727089020233,2.924480704202673,3.696908378508848,3.540572164671873,12,15,248.41333333333333,0.0,-1.084646429810006,M2K,baseline__opening_range_breakout,baseline
1562,180766.54993700606,238623.36829753174,-57856.81836052568,0.7575391765973821,0.4827144686299616,239.74343492971624,-295.32595086328183,-37.04021662005485,-60061.39951514504,-0.592268435361227,-2.083337992709551,-6.012243828847573,-0.96329454237803,3.6882202304737515,3.7483994878360165,3.6214468629962524,9,10,20.826666666666668,0.0,-2.083337992709551,M2K,baseline__random_entry_matched_holding,baseline
29396,505750.3187171457,650006.0667789549,-144255.74806180916,0.7780701512885022,0.4837733024901347,35.563625533868624,-42.834007695483024,-4.907325760709252,-145431.13775754557,-1.4383259709433343,-1.1038307147641864,-1.2085587461308065,-0.9919178952055236,3.0586134167914003,3.8018267791535383,3.6247516668935433,12,14,391.94666666666666,0.0,-1.1038307147641864,M2K,baseline__ema_crossover_9_21,baseline
7327,262625.60406776634,362693.6681589449,-100068.0640911786,0.7240975708257325,0.47495564351030434,75.46712760567998,-94.27961220664022,-13.65744016530348,-100978.33513856666,-1.0011861959892665,-1.6267758298899757,-1.9228678615648338,-0.9909854817259668,2.5766343660434012,3.4013238706154416,3.1410536372322437,10,14,97.69333333333333,0.0,-1.6267758298899757,M2K,baseline__donchian_channel_20,baseline
8408,346066.1640189064,446504.92044519953,-100438.75642629307,0.7750556559910964,0.4844196003805899,84.96591309081916,-102.99998164825826,-11.945618033574343,-100535.75642629345,-1.0050259057140487,-1.3357231448658529,-1.633392220254205,-0.9990351691433138,2.452069457659372,3.355613701236829,3.2213962892484242,14,13,112.10666666666667,0.0,-1.3357231448658529,M2K,baseline__bollinger_mean_reversion_20,baseline
725,98576.9033636618,130937.0435077344,-32360.140144072597,0.7528572566085082,0.48413793103448277,280.845878528951,-350.0990468121241,-44.634676060789786,-32802.01393642096,-0.3265770808321958,-2.152922787890291,-6.9482369775124715,-0.9865290651603029,4.041379310344827,2.8297931034482238,2.6388965517241854,7,7,12.083333333333334,0.0,-2.152922787890291,MGC,strategy__cost=fixed_tick__slip=1x__conf=0.50,strategy
495,75918.24099282685,96037.69539435502,-20119.45440152817,0.7905046105186863,0.503030303030303,304.89253410773836,-390.39713574941067,-40.64536242732964,-20391.4219489011,-0.20344512357396977,-1.7929777223757617,-6.698098231097682,-0.9866626492230678,4.048484848484849,2.995959595959542,2.7513131313131787,8,7,8.25,0.0,-1.7929777223757617,MGC,strategy__cost=fixed_tick__slip=1x__conf=0.65,strategy
731,65875.57967172694,120367.13782104643,-54491.55814931949,0.5472887439565625,0.46785225718194257,192.61865401089747,-309.42708951425817,-74.54385519742749,-54683.09853212334,-0.5457855855214373,-4.391479598847838,-10.082977473382797,-0.9964972653718346,3.978112175102599,2.9054719562242637,2.549384404924844,7,8,12.183333333333334,0.0,-4.391479598847838,MGC,strategy__cost=fixed_tick__slip=2x__conf=0.50,strategy
494,50557.340706712384,92077.3244339192,-41519.98372720682,0.5490748239866123,0.4716599190283401,216.98429487859391,-352.7866836548628,-84.04855005507453,-41700.15413913055,-0.4163163839521406,-4.455559397504553,-12.105159170777991,-0.9956793825911865,4.032388663967612,3.0965587044533502,2.6617408906883417,8,7,8.233333333333333,0.0,-4.455559397504553,MGC,strategy__cost=fixed_tick__slip=2x__conf=0.65,strategy
732,39745.905010847986,110523.85803675385,-70777.95302590587,0.3596138039049523,0.4344262295081967,124.9871226756226,-266.96584066848754,-96.69119265834135,-70917.31124736235,-0.708283930116417,-6.797490413142882,-10.737523405969666,-0.9980349195562365,3.908469945355191,2.9821038251366763,2.4517759562840964,7,9,12.2,0.0,-6.797490413142882,MGC,strategy__cost=fixed_tick__slip=3x__conf=0.50,strategy
499,34067.68523663249,90518.51192474348,-56450.82668811098,0.37636152552923263,0.4468937875751503,152.7698889535089,-327.96562291573724,-113.12790919461118,-56549.402829136474,-0.5649371350643988,-6.835778770445942,-13.229248857256556,-0.9982568137576388,3.987975951903808,3.1783567134269184,2.5725450901803,7,8,8.316666666666666,0.0,-6.835778770445942,MGC,strategy__cost=fixed_tick__slip=3x__conf=0.65,strategy
725,1566.7825123813604,108377.27649310083,-106810.49398071946,0.01445674372967935,0.09793103448275862,22.067359329314936,-165.71449005061288,-147.32481928375097,-106460.200437844,-1.068344345636882,-10.956592359615415,-10.791039422091176,-1.0032903708750762,4.041379310344827,2.8297931034482238,2.6388965517241854,3,58,12.083333333333334,0.0,-10.956592359615415,MGC,strategy__cost=roll_spread__slip=1x__conf=0.50,strategy
495,768.0963412865177,96105.2688072081,-95337.17246592158,0.007992239664064172,0.08484848484848485,18.28800812586947,-212.15291127419005,-192.6003484160032,-94944.06884338758,-0.9531877038271682,-13.104777808069738,-13.047746316974226,-1.0041403705078453,4.048484848484849,2.995959595959542,2.7513131313131787,2,49,8.25,0.0,-13.104777808069738,MGC,strategy__cost=roll_spread__slip=1x__conf=0.65,strategy
725,123516.56768587496,138809.41421754146,-15292.846531666535,0.8898284628757267,0.4868965517241379,349.90529089482993,-374.14936446776676,-21.093581422988326,-19450.5991770596,-0.1867744777679896,-0.8932333737053652,-3.3275193237646605,-0.7862403822347644,4.041379310344827,2.8297931034482238,2.6388965517241854,7,7,12.083333333333334,0.0,-0.8932333737053652,MGC,strategy__cost=impact__slip=1x__conf=0.50,strategy
495,90994.10374039752,98219.42896767904,-7225.325227281511,0.926436904559289,0.503030303030303,365.43816763211856,-399.2659714133294,-14.596616620770728,-13101.928187660626,-0.12374715301891201,-0.5864433887633446,-2.253895607099191,-0.5514703731994433,4.048484848484849,2.995959595959542,2.7513131313131787,8,7,8.25,0.0,-0.5864433887633446,MGC,strategy__cost=impact__slip=1x__conf=0.65,strategy
1319,169110.23809524396,216606.80952380385,-47496.57142855991,0.7807244770698666,0.4829416224412434,265.4791806832715,-317.60529255689715,-36.00953102999235,-49136.71428570345,-0.483438067917375,-1.8351818685741326,-4.848533485317831,-0.9666208276034292,5.097043214556482,3.9987111448066037,3.6111448066717897,9,11,17.586666666666666,0.0,-1.8351818685741326,MGC,baseline__buy_and_hold_intraday,baseline
21335,424850.44019911403,599807.6934916867,-174957.2532925726,0.708311088385535,0.4667916569018045,42.659949814149414,-52.72571145320734,-8.200480585543595,-175696.99136235594,-1.7440683758841107,-1.727518656902046,-2.010353900449805,-0.9957896941544223,3.0106397937661122,2.9490789782047617,2.8007358800094377,13,13,284.46666666666664,0.0,-1.727518656902046,MGC,baseline__prior_bar_momentum,baseline
21231,476533.87021050963,632833.4784361654,-156299.60822565574,0.7530162142940074,0.47265790589232726,47.48718188445537,-56.523175994655716,-7.3618580484035485,-159065.7980305527,-1.5984023666291756,-1.3839159425486698,-1.6194060188096806,-0.9826097763369243,3.0308511139371674,2.9814752013564454,2.7838537986906537,11,15,283.08,0.0,-1.3839159425486698,MGC,baseline__prior_bar_mean_reversion,baseline
5860,230421.24470409943,336415.2966913318,-105994.0519872324,0.6849309379517182,0.454778156996587,86.46200551748572,-105.29430256379712,-18.087722182121567,-106682.74869313068,-1.0595305350385213,-1.9817972085660827,-2.437967129240596,-0.9935444416802637,3.0213310580204777,2.728122866894132,2.6895392491468213,11,12,78.13333333333334,0.0,-1.9817972085660827,MGC,baseline__atr_breakout,baseline
14933,381876.4727432635,515453.3021227233,-133576.82937945978,0.7408556142149678,0.47451952052501173,53.8916839886062,-65.68794470787859,-8.945076634263696,-135298.38698654558,-1.355828081942766,-1.4511202877440044,-1.682649731785945,-0.9872758452969806,2.9503113908792606,2.9760530368980826,2.6966450143977023,16,17,199.10666666666665,0.0,-1.4511202877440044,MGC,baseline__vwap_mean_reversion,baseline
13906,357960.1345884758,492611.09565832414,-134650.96106984824,0.7266586923100034,0.4676398676830145,55.04538437466951,-66.54209045769609,-9.682939815176775,-135450.92376206545,-1.3568209361738859,-1.561185957767875,-1.8171891010365664,-0.99409407724954,2.992521213864519,2.9492305479648424,2.890464547677324,10,14,185.41333333333333,0.0,-1.561185957767875,MGC,baseline__opening_range_breakout,baseline
1440,154996.37953321266,213416.81105339737,-58420.43152018469,0.7262613416823673,0.4708333333333333,228.60822940001867,-280.0745551881855,-40.569744111239366,-59498.88957694286,-0.5888970032730627,-2.3024410891397284,-5.018099439163987,-0.9818743162363808,3.5541666666666667,2.820555555555484,2.5990277777778488,7,9,19.2,0.0,-2.3024410891397284,MGC,baseline__random_entry_matched_holding,baseline
21456,432454.26303619624,601932.0037552845,-169477.7407190882,0.7184437118116925,0.46574384787472034,43.275719307134615,-52.51086135874417,-7.898850704655491,-171817.92933819036,-1.703571964144712,-1.601327551409001,-1.8394440310308389,-0.9863798345835263,3.0130499627143923,2.92999161073819,2.7990771812081165,11,17,286.08,0.0,-1.601327551409001,MGC,baseline__ema_crossover_9_21,baseline
3608,179492.7126720004,272907.5745639072,-93414.86189190681,0.6577051331712609,0.4501108647450111,110.5250693793106,-137.55422105035646,-25.89103710973027,-94428.13943846906,-0.9383011940379714,-2.380288771502557,-3.1753247594809872,-0.9892693263619525,2.8539356984478936,2.720537694013241,2.6536308203991754,10,12,48.10666666666667,0.0,-2.380288771502557,MGC,baseline__donchian_channel_20,baseline
4507,221945.73613479763,311607.59836073825,-89661.86222594063,0.7122603469953197,0.47570445972930997,103.51946648078247,-131.86948724533994,-19.893912186807327,-92006.72013423748,-0.9239161964659814,-1.9504392466904155,-2.602889336838632,-0.9745142756433909,2.9758153982693587,2.92482804526286,2.6004659418682676,10,14,60.093333333333334,0.0,-1.9504392466904155,MGC,baseline__bollinger_mean_reversion_20,baseline
450,76780.36019478925,109239.74080910858,-32459.380614319332,0.7028610616072349,0.5044444444444445,338.2394722237412,-489.86430856102504,-72.13195692070963,-32979.2002442002,-0.32815103391891914,-2.740527442332799,-23.766999502380166,-0.9842379552556833,3.1977777777777776,0.16095555555555907,0.15859999999999705,7,9,10.714285714285714,0.0,-2.740527442332799,MCL,strategy__cost=fixed_tick__slip=1x__conf=0.50,strategy
288,47033.53848004041,78153.76422149295,-31120.22574145253,0.6018077177542498,0.4618055555555556,353.6356276694768,-504.2178336870513,-108.05633938004351,-32142.6289191494,-0.31817327551207636,-3.9889411350728783,-44.91272839532593,-0.9681916752898903,3.111111111111111,0.165069444444448,0.1497222222222192,7,11,6.857142857142857,0.0,-3.9889411350728783,MCL,strategy__cost=fixed_tick__slip=1x__conf=0.65,strategy
455,46911.50137085076,108717.81298398353,-61806.31161313276,0.4314978390685787,0.46593406593406594,221.28066684363566,-447.398407341496,-135.8380475013907,-61319.210812079305,-0.6161935920436782,-6.180334985705088,-19.813222136580723,-1.007943689988872,3.1142857142857143,0.1688571428571402,0.14819780219780446,7,14,10.833333333333334,0.0,-6.180334985705088,MCL,strategy__cost=fixed_tick__slip=2x__conf=0.50,strategy
290,31787.218221741055,82437.85901123252,-50650.64078949146,0.38559005053018064,0.4379310344827586,250.2930568641028,-505.75373626523015,-174.65738203272917,-51274.04396718841,-0.5095638027332514,-7.213968910944672,-33.16555689609991,-0.9878417396120368,3.0724137931034483,0.1723448275862042,0.14137931034482962,7,11,6.904761904761905,0.0,-7.213968910944672,MCL,strategy__cost=fixed_tick__slip=2x__conf=0.65,strategy
459,29693.888218811564,107402.6189141629,-77708.73069535135,0.2764726644379424,0.4226579520697168,153.0612794784101,-405.29290156287885,-169.3000668744038,-77116.35007406026,-0.7757589464070502,-8.733028593429843,-16.814259863867917,-1.007681647545847,2.9869281045751634,0.17405228758170038,0.14076252723311466,6,19,10.928571428571429,0.0,-8.733028593429843,MCL,strategy__cost=fixed_tick__slip=3x__conf=0.50,strategy
291,20840.37716160275,85138.70898132634,-64298.331819723586,0.24478145617845481,0.40893470790378006,175.12921984540128,-494.99249407747874,-220.9564667344453,-64522.734997420484,-0.6437826811801741,-10.003049120704405,-25.99637864834282,-0.9965221068557328,2.9896907216494846,0.17752577319587717,0.13676975945017084,7,16,6.928571428571429,0.0,-10.003049120704405,MCL,strategy__cost=fixed_tick__slip=3x__conf=0.65,strategy
450,1321.179167035859,95869.25814657529,-94548.07897953944,0.013781051325294471,0.07555555555555556,38.858210795172326,-230.45494746772906,-210.1068421767543,-93518.04902519227,-0.944913381120094,-11.877079999678445,-11.821526005864309,-1.0110142369850945,3.1977777777777776,0.16095555555555907,0.15859999999999705,2,74,10.714285714285714,0.0,-11.877079999678445,MCL,strategy__cost=roll_spread__slip=1x__conf=0.50,strategy
288,828.079800176519,88868.81761125739,-88040.73781108086,0.009318001774242383,0.052083333333333336,55.20532001176794,-325.5268044368402,-305.6970062884752,-87022.55149878316,-0.8791771766614436,-15.341698977987745,-15.51230489197041,-1.0117002580912828,3.111111111111111,0.165069444444448,0.1497222222222192,2,70,6.857142857142857,0.0,-15.341698977987745,MCL,strategy__cost=roll_spread__slip=1x__conf=0.65,strategy
450,96660.18376765828,109025.10237471465,-12364.918607056372,0.8865864985427055,0.5022222222222222,427.6999281754791,-486.71920702997613,-27.477596904569715,-16134.234014597954,-0.15718332106578284,-0.951036779968663,-10.587020393110295,-0.7663777899755776,3.1977777777777776,0.16095555555555907,0.15859999999999705,7,9,10.714285714285714,0.0,-0.951036779968663,MCL,strategy__cost=impact__slip=1x__conf=0.50,strategy
288,56635.05805181002,75486.05466247223,-18850.996610662216,0.750271799275344,0.4583333333333333,429.05347008946984,-483.8849657850784,-65.45484934257713,-20124.361732264704,-0.19871327182720427,-2.277682005982582,-25.824197193840817,-0.9367251921554886,3.111111111111111,0.165069444444448,0.1497222222222192,7,11,6.857142857142857,0.0,-2.277682005982582,MCL,strategy__cost=impact__slip=1x__conf=0.65,strategy
1013,114486.19047618847,181150.95238095528,-66664.7619047668,0.6319933126016763,0.4383020730503455,257.8517803517758,-318.3672273830497,-65.80924176186258,-66853.90476190945,-0.6672769409479307,-3.453213679815075,-9.933365714212778,-0.997170803144315,4.553800592300099,0.3081243830207346,0.2677393879565609,10,9,18.089285714285715,0.0,-3.453213679815075,MCL,baseline__buy_and_hold_intraday,baseline
19187,310723.44132968254,471750.1492082707,-161026.7078785883,0.658661034556457,0.46739980194923647,34.64801977360421,-46.16402282104616,-8.392490117193324,-162809.84061793756,-1.6007642979463717,-1.7392644580856305,-1.7860113303454432,-0.989047758215465,2.7279407932454265,0.22035127951217398,0.20521342575701917,11,13,336.6140350877193,0.0,-1.7392644580856305,MCL,baseline__prior_bar_momentum,baseline
19115,341951.4645274604,502466.4631731925,-160514.99864573212,0.6805458465187058,0.4656552445723254,38.41719632934057,-49.19389692316355,-8.397331867419938,-160935.9410127112,-1.6027532682040242,-1.6257498865022129,-1.6917858219195445,-0.99738441044101,2.740831807481036,0.22286685848810256,0.20357049437614064,12,13,335.35087719298247,0.0,-1.6257498865022129,MCL,baseline__prior_bar_mean_reversion,baseline
6125,164844.71278248326,273970.26075392315,-109125.54797143988,0.6016883450373646,0.4450612244897959,60.47128128484346,-80.60319527917716,-17.816415995337124,-109136.92458013161,-1.0912450991165177,-2.3315855977461384,-2.503555428936103,-0.9998957583903386,2.564408163265306,0.20804244897959615,0.19134693877550635,11,12,107.45614035087719,0.0,-2.3315855977461384,MCL,baseline__atr_breakout,baseline
13960,264659.62776489696,398270.81428239134,-133611.18651749435,0.6645217733108653,0.4704154727793696,40.301450855017045,-53.87133968380784,-9.571001899533979,-134771.31342523466,-1.3343971715888936,-1.7324345744313885,-1.7788601122705066,-0.9913918854223833,2.67743553008596,0.21925286532951715,0.19904441260744607,11,13,244.91228070175438,0.0,-1.7324345744313885,MCL,baseline__vwap_mean_reversion,baseline
13390,256090.23436203948,389942.6748493752,-133852.4404873357,0.6567381589126159,0.4631814787154593,41.29155665302152,-54.2491200402581,-9.996448131989224,-134402.96731133258,-1.3375888241303358,-1.705914364745689,-1.7498233777752252,-0.9959039087081937,2.70537714712472,0.21753323375653896,0.20221209858102676,15,13,234.91228070175438,0.0,-1.705914364745689,MCL,baseline__opening_range_breakout,baseline
1095,134945.31962414956,209463.47232196445,-74518.1526978149,0.6442427318149596,0.4465753424657534,275.96179882239176,-345.64929426066743,-68.05310748658896,-76701.16927592538,-0.7519840513998789,-3.2798913035333563,-8.703503124101434,-0.9715386792832679,3.064840182648402,0.2185662100456663,0.1918082191780787,7,15,19.210526315789473,0.0,-3.2798913035333563,MCL,baseline__random_entry_matched_holding,baseline
19335,322010.66979871853,489166.89287359046,-167156.223074872,0.658283858719629,0.4604603051461081,36.16878241027952,-46.890998166563506,-8.645266256781587,-167296.52832903608,-1.6706213138098913,-1.7287399468366864,-1.7891359058038154,-0.9991613379215608,2.725471942073959,0.2215852081717136,0.20315748642358034,11,16,339.2105263157895,0.0,-1.7287399468366864,MCL,baseline__ema_crossover_9_21,baseline
3877,157384.53616209858,257140.48121221922,-99755.94505012059,0.6120566292018735,0.4451895795718339,91.1845516582263,-119.54462167002288,-25.730189592499507,-99331.73928262672,-0.9975490534445588,-2.6676576114041217,-3.2149825549626323,-1.004270596393031,2.513799329378385,0.21309775599690933,0.19523342790817247,11,17,68.01754385964912,0.0,-2.6676576114041217,MCL,baseline__donchian_channel_20,baseline
4682,231530.10456964307,330509.9605935776,-98979.85602393452,0.7005238333931837,0.47629218282785135,103.82515899983994,-134.79199045415072,-21.14050748054988,-99446.72633255081,-0.990292766447758,-1.969332710191229,-2.44370082640932,-0.9953053224994549,2.542503203759077,0.21463477146519003,0.19085860743271735,10,17,82.14035087719299,0.0,-1.969332710191229,MCL,baseline__bollinger_mean_reversion_20,baseline
